time,lat,lon,alt,MCC,MNC,CELL_ID,earfcn_dl,earfcn_ul,RSRP,RSRQ,SINR,LTE RRC,csq,cgreg
n/a,n/a,n/a,0,440,020,26935819,3750,-1,-84,-10,14.0,idle,"[29, 85]","[0, 1]"
2022-02-14T06:11:07.000Z,35.388347074,139.425826445,0,440,020,26935819,3750,-1,-84,-10,9.0,idle,"[29, 84]","[0, 1]"
2022-02-14T06:11:08.000Z,35.388347074,139.425826445,0,440,020,26935819,3750,-1,-84,-10,9.0,idle,"[29, 84]","[0, 1]"
2022-02-14T06:11:09.000Z,35.38834311,139.425833604,0,440,020,26935819,3750,-1,-84,-10,13.0,idle,"[29, 84]","[0, 1]"
2022-02-14T06:11:10.000Z,35.388335762,139.425833604,0,440,020,26935819,3750,-1,-84,-10,13.0,idle,"[29, 84]","[0, 1]"
2022-02-14T06:11:11.000Z,35.388339157,139.425841964,0,440,020,26935819,3750,-1,-84,-10,13.0,idle,"[29, 84]","[0, 1]"
2022-02-14T06:11:12.000Z,35.388339157,139.425841964,0,440,020,26935819,3750,-1,-84,-10,13.0,idle,"[29, 84]","[0, 1]"
2022-02-14T06:11:13.000Z,35.388339157,139.425841964,0,440,020,26935819,3750,-1,-84,-10,13.0,idle,"[29, 84]","[0, 1]"
2022-02-14T06:11:14.000Z,35.388339157,139.425841964,0,440,020,26935819,3750,-1,-84,-10,13.0,idle,"[29, 84]","[0, 1]"
2022-02-14T06:11:15.000Z,35.388339157,139.425841964,0,440,020,26935819,3750,-1,-84,-10,13.0,idle,"[29, 84]","[0, 1]"
2022-02-14T06:11:16.000Z,35.388339157,139.425841964,0,440,020,26935819,3750,-1,-84,-10,13.0,idle,"[29, 84]","[0, 1]"
2022-02-14T06:11:17.000Z,35.388339157,139.425841964,0,440,020,26935819,3750,-1,-84,-10,11.0,idle,"[29, 84]","[0, 1]"
2022-02-14T06:11:18.000Z,35.388335762,139.425833604,0,440,020,26935819,3750,-1,-84,-10,11.0,idle,"[29, 84]","[0, 1]"
2022-02-14T06:11:19.000Z,35.388328414,139.425833604,0,440,020,26935819,3750,-1,-84,-10,11.0,idle,"[29, 84]","[0, 1]"
2022-02-14T06:11:20.000Z,35.388328414,139.425833604,0,440,020,26935819,3750,-1,-84,-10,10.0,idle,"[29, 84]","[0, 1]"
2022-02-14T06:11:21.000Z,35.388328414,139.425833604,0,440,020,26935819,3750,-1,-84,-10,10.0,idle,"[29, 84]","[0, 1]"
2022-02-14T06:11:22.000Z,35.388331809,139.425841964,0,440,020,26935819,3750,-1,-84,-10,10.0,idle,"[29, 84]","[0, 1]"
2022-02-14T06:11:23.000Z,35.388331809,139.425841964,0,440,020,26935819,3750,-1,-84,-10,10.0,idle,"[29, 84]","[0, 1]"
2022-02-14T06:11:24.000Z,35.388331809,139.425841964,0,440,020,26935819,3750,-1,-86,-10,10.0,idle,"[29, 86]","[0, 1]"
2022-02-14T06:11:25.000Z,35.388327844,139.425849123,0,440,020,26935819,3750,-1,-86,-10,10.0,idle,"[29, 86]","[0, 1]"
2022-02-14T06:11:26.000Z,35.388331239,139.425857483,0,440,020,26935819,3750,-1,-86,-10,10.0,idle,"[29, 86]","[0, 1]"
2022-02-14T06:11:27.000Z,35.388331239,139.425857483,0,440,020,26935819,3750,-1,-84,-10,13.0,idle,"[29, 84]","[0, 1]"
2022-02-14T06:11:28.000Z,35.388327275,139.425864642,0,440,020,26935819,3750,-1,-84,-10,13.0,idle,"[29, 84]","[0, 1]"
2022-02-14T06:11:29.000Z,35.38833067,139.425873002,0,440,020,26935819,3750,-1,-84,-10,13.0,idle,"[29, 84]","[0, 1]"
2022-02-14T06:11:30.000Z,35.38833067,139.425873002,0,440,020,26935819,3750,-1,-84,-10,12.0,idle,"[29, 84]","[0, 1]"
2022-02-14T06:11:31.000Z,35.388326705,139.425880161,0,440,020,26935819,3750,-1,-84,-10,12.0,idle,"[29, 84]","[0, 1]"
2022-02-14T06:11:32.000Z,35.388337448,139.425888521,0,440,020,26935819,3750,-1,-84,-10,12.0,idle,"[29, 84]","[0, 1]"
2022-02-14T06:11:33.000Z,35.388337448,139.425888521,0,440,020,26935819,3750,-1,-84,-10,12.0,idle,"[29, 84]","[0, 1]"
2022-02-14T06:11:34.000Z,35.388340843,139.425896881,0,440,020,26935819,3750,-1,-84,-10,12.0,idle,"[29, 84]","[0, 1]"
2022-02-14T06:11:35.000Z,35.388348191,139.425896881,0,440,020,26935819,3750,-1,-84,-10,12.0,idle,"[29, 84]","[0, 1]"
2022-02-14T06:11:36.000Z,35.388344796,139.425888521,1,440,020,26935819,3750,-1,-84,-10,12.0,idle,"[29, 84]","[0, 1]"
2022-02-14T06:11:37.000Z,35.388344796,139.425888521,0,440,020,26935819,3750,-1,-84,-10,12.0,idle,"[29, 84]","[0, 1]"
2022-02-14T06:11:38.000Z,35.388348761,139.425881362,0,440,020,26935819,3750,-1,-84,-10,9.0,idle,"[29, 84]","[0, 1]"
2022-02-14T06:11:39.000Z,35.388360073,139.425874203,0,440,020,26935819,3750,-1,-84,-10,9.0,idle,"[29, 84]","[0, 1]"
2022-02-14T06:11:40.000Z,35.388360073,139.425874203,0,440,020,26935819,3750,-1,-84,-10,9.0,idle,"[29, 84]","[0, 1]"
2022-02-14T06:11:41.000Z,35.388367421,139.425874203,0,440,020,26935819,3750,-1,-84,-10,11.0,idle,"[29, 84]","[0, 1]"
2022-02-14T06:11:42.000Z,35.388367421,139.425874203,1,440,020,26935819,3750,-1,-84,-10,11.0,idle,"[29, 84]","[0, 1]"
2022-02-14T06:11:43.000Z,35.388364026,139.425865843,1,440,020,26935819,3750,-1,-84,-10,11.0,idle,"[29, 84]","[0, 1]"
2022-02-14T06:11:44.000Z,35.388367991,139.425858684,0,440,020,26935819,3750,-1,-84,-10,9.0,idle,"[29, 84]","[0, 1]"
2022-02-14T06:11:45.000Z,35.388364596,139.425850324,1,440,020,26935819,3750,-1,-84,-10,9.0,idle,"[29, 84]","[0, 1]"
2022-02-14T06:11:46.000Z,35.388364596,139.425850324,1,440,020,26935819,3750,-1,-84,-10,9.0,idle,"[29, 84]","[0, 1]"
2022-02-14T06:11:47.000Z,35.388357817,139.425834805,0,440,020,26935819,3750,-1,-84,-10,9.0,idle,"[29, 84]","[0, 1]"
2022-02-14T06:11:48.000Z,35.388357817,139.425834805,0,440,020,26935819,3750,-1,-84,-10,11.0,idle,"[29, 84]","[0, 1]"
2022-02-14T06:11:49.000Z,35.388354422,139.425826445,1,440,020,26935819,3750,-1,-84,-10,11.0,idle,"[29, 84]","[0, 1]"
2022-02-14T06:11:50.000Z,35.388354992,139.425810926,1,440,020,26935819,3750,-1,-84,-10,11.0,idle,"[29, 84]","[0, 1]"
2022-02-14T06:11:51.000Z,35.388355562,139.425795407,0,440,020,26935819,3750,-1,-84,-10,11.0,idle,"[29, 84]","[0, 1]"
2022-02-14T06:11:52.000Z,35.388348783,139.425779888,0,440,020,26935819,3750,-1,-84,-10,11.0,idle,"[29, 84]","[0, 1]"
2022-02-14T06:11:53.000Z,35.388345958,139.425756009,0,440,020,26935819,3750,-1,-76,-10,16.0,idle,"[29, 76]","[0, 1]"
2022-02-14T06:11:54.000Z,35.388327867,139.425747649,0,440,020,26935819,3750,-1,-76,-10,16.0,idle,"[29, 76]","[0, 1]"
2022-02-14T06:11:55.000Z,35.388313729,139.425730929,1,440,020,26935819,3750,-1,-76,-10,16.0,idle,"[29, 76]","[0, 1]"
2022-02-14T06:11:56.000Z,35.388291674,139.425729728,1,440,020,26935819,3750,-1,-76,-10,16.0,idle,"[29, 76]","[0, 1]"
2022-02-14T06:11:57.000Z,35.388273583,139.425721367,0,440,020,26935819,3750,-1,-76,-10,12.0,idle,"[29, 76]","[0, 1]"
2022-02-14T06:11:58.000Z,35.388252097,139.425704647,0,440,020,26935819,3750,-1,-76,-10,12.0,idle,"[29, 76]","[0, 1]"
2022-02-14T06:11:59.000Z,35.388230041,139.425703446,1,440,020,26935819,3750,-1,-76,-10,12.0,idle,"[29, 76]","[0, 1]"
2022-02-14T06:12:00.000Z,35.388208555,139.425686726,0,440,020,26935819,3750,-1,-76,-10,13.0,idle,"[29, 76]","[0, 1]"
2022-02-14T06:12:01.000Z,35.388190464,139.425678366,0,440,020,26935819,3750,-1,-76,-10,13.0,idle,"[29, 76]","[0, 1]"
2022-02-14T06:12:02.000Z,35.388165014,139.425668805,0,440,020,26935819,3750,-1,-76,-10,13.0,idle,"[29, 76]","[0, 1]"
2022-02-14T06:12:03.000Z,35.388146923,139.425660445,0,440,020,26935819,3750,-1,-76,-10,13.0,idle,"[29, 76]","[0, 1]"
2022-02-14T06:12:04.000Z,35.38813618,139.425652085,0,440,020,26935819,3750,-1,-76,-10,13.0,idle,"[29, 76]","[0, 1]"
2022-02-14T06:12:05.000Z,35.388114694,139.425635365,0,440,020,26935819,3750,-1,-84,-10,10.0,idle,"[29, 84]","[0, 1]"
2022-02-14T06:12:06.000Z,35.388096603,139.425627005,0,440,020,26935819,3750,-1,-84,-10,10.0,idle,"[29, 84]","[0, 1]"
2022-02-14T06:12:07.000Z,35.388081896,139.425625803,0,440,020,26935819,3750,-1,-84,-10,10.0,idle,"[29, 84]","[0, 1]"
2022-02-14T06:12:08.000Z,35.388063805,139.425617443,0,440,020,26935819,3750,-1,-81,-10,9.0,idle,"[29, 84]","[0, 1]"
2022-02-14T06:12:09.000Z,35.388041749,139.425616242,0,440,020,26935819,3750,-1,-84,-10,9.0,idle,"[29, 84]","[0, 1]"
2022-02-14T06:12:10.000Z,35.388023658,139.425607882,0,440,020,26935819,3750,-1,-84,-10,9.0,idle,"[29, 84]","[0, 1]"
2022-02-14T06:12:11.000Z,35.388012346,139.425615041,0,440,020,26935819,3750,-1,-84,-10,9.0,idle,"[29, 84]","[0, 1]"
2022-02-14T06:12:12.000Z,35.388001603,139.425606681,0,440,020,26935819,3750,-1,-84,-10,7.0,idle,"[29, 84]","[0, 1]"
2022-02-14T06:12:13.000Z,35.387982942,139.42561384,0,440,020,26935819,3750,-1,-84,-10,7.0,idle,"[29, 84]","[0, 1]"
2022-02-14T06:12:14.000Z,35.387968235,139.425612639,0,440,020,26935819,3750,-1,-84,-10,7.0,idle,"[29, 84]","[0, 1]"
2022-02-14T06:12:15.000Z,35.387953539,139.425612639,0,440,020,26935819,3750,-1,-84,-10,3.0,idle,"[29, 84]","[0, 1]"
2022-02-14T06:12:16.000Z,35.387938831,139.425611438,0,440,020,26935819,3750,-1,-84,-10,3.0,idle,"[29, 84]","[0, 1]"
2022-02-14T06:12:17.000Z,35.387920171,139.425618597,0,440,020,26935819,3750,-1,-84,-10,3.0,idle,"[29, 84]","[0, 1]"
2022-02-14T06:12:18.000Z,35.387908288,139.425641275,0,440,020,26935819,3750,-1,-84,-10,13.0,idle,"[29, 84]","[0, 1]"
2022-02-14T06:12:19.000Z,35.387896976,139.425648434,0,440,020,26935819,3750,-1,-84,-10,13.0,idle,"[29, 84]","[0, 1]"
2022-02-14T06:12:20.000Z,35.387889058,139.425663953,0,440,020,26935819,3750,-1,-84,-10,13.0,idle,"[29, 84]","[0, 1]"
2022-02-14T06:12:21.000Z,35.387881141,139.425679472,0,440,020,26935819,3750,-1,-84,-10,13.0,idle,"[29, 81]","[0, 1]"
2022-02-14T06:12:22.000Z,35.387869828,139.42568663,0,440,020,26935819,3750,-1,-81,-10,13.0,idle,"[29, 81]","[0, 1]"
2022-02-14T06:12:23.000Z,35.387857946,139.425709308,0,440,020,26935819,3750,-1,-81,-10,13.0,idle,"[29, 81]","[0, 1]"
2022-02-14T06:12:24.000Z,35.387839285,139.425716467,0,440,020,26935819,3750,-1,-81,-10,13.0,idle,"[29, 81]","[0, 1]"
2022-02-14T06:12:25.000Z,35.387824578,139.425715266,0,440,020,26935819,3750,-1,-81,-10,13.0,idle,"[29, 81]","[0, 1]"
2022-02-14T06:12:26.000Z,35.387805917,139.425722425,0,440,020,26935819,3750,-1,-81,-10,13.0,idle,"[29, 81]","[0, 1]"
2022-02-14T06:12:27.000Z,35.387783862,139.425721224,0,440,020,26935819,3750,-1,-81,-10,13.0,idle,"[29, 81]","[0, 1]"
2022-02-14T06:12:28.000Z,35.387772549,139.425728383,0,440,020,26935819,3750,-1,-81,-10,13.0,idle,"[29, 81]","[0, 1]"
2022-02-14T06:12:29.000Z,35.387754458,139.425720023,0,440,020,26935819,3750,-1,-84,-10,9.0,idle,"[29, 84]","[0, 1]"
2022-02-14T06:12:30.000Z,35.387739751,139.425718822,0,440,020,26935819,3750,-1,-78,-10,13.0,idle,"[29, 78]","[0, 1]"
2022-02-14T06:12:31.000Z,35.387732403,139.425718822,0,440,020,26935819,3750,-1,-78,-10,13.0,idle,"[29, 78]","[0, 1]"
2022-02-14T06:12:32.000Z,35.387710347,139.425717621,0,440,020,26935819,3750,-1,-78,-10,13.0,idle,"[29, 78]","[0, 1]"
2022-02-14T06:12:33.000Z,35.387699035,139.425724779,0,440,020,26935819,3750,-1,-78,-10,13.0,idle,"[29, 78]","[0, 1]"
2022-02-14T06:12:34.000Z,35.387688292,139.425716419,0,440,020,26935819,3750,-1,-78,-10,13.0,idle,"[29, 78]","[0, 1]"
2022-02-14T06:12:35.000Z,35.387676979,139.425723578,0,440,020,26935819,3750,-1,-78,-10,13.0,idle,"[29, 78]","[0, 1]"
2022-02-14T06:12:36.000Z,35.387669631,139.425723578,0,440,020,26935819,3750,-1,-78,-10,13.0,idle,"[29, 78]","[0, 1]"
2022-02-14T06:12:37.000Z,35.387654923,139.425722377,0,440,020,26935819,3750,-1,-78,-10,13.0,idle,"[29, 78]","[0, 1]"
2022-02-14T06:12:38.000Z,35.387636833,139.425714017,0,440,020,26935819,3750,-1,-78,-10,13.0,idle,"[29, 78]","[0, 1]"
2022-02-14T06:12:39.000Z,35.38762552,139.425721176,0,440,020,26935819,3750,-1,-78,-10,14.0,idle,"[31, 78]","[0, 1]"
2022-02-14T06:12:40.000Z,35.387610812,139.425719975,0,440,020,26935819,3750,-1,-78,-10,14.0,idle,"[31, 78]","[0, 1]"
2022-02-14T06:12:41.000Z,35.387603464,139.425719975,0,440,020,26935819,3750,-1,-78,-10,14.0,idle,"[31, 78]","[0, 1]"
2022-02-14T06:12:42.000Z,35.387588757,139.425718774,0,440,020,26935819,3750,-1,-78,-10,14.0,idle,"[31, 78]","[0, 1]"
2022-02-14T06:12:43.000Z,35.387581409,139.425718774,0,440,020,26935819,3750,-1,-78,-10,14.0,idle,"[31, 78]","[0, 1]"
2022-02-14T06:12:44.000Z,35.387580839,139.425734293,0,440,020,26935819,3750,-1,-78,-10,12.0,idle,"[31, 78]","[0, 1]"
2022-02-14T06:12:45.000Z,35.387572922,139.425749812,0,440,020,26935819,3750,-1,-78,-10,12.0,idle,"[31, 78]","[0, 1]"
2022-02-14T06:12:46.000Z,35.387568957,139.42575697,0,440,020,26935819,3750,-1,-78,-10,12.0,idle,"[31, 78]","[0, 1]"
2022-02-14T06:12:47.000Z,35.387568387,139.425772489,0,440,020,26935819,3750,-1,-78,-10,14.0,idle,"[31, 78]","[0, 1]"
2022-02-14T06:12:48.000Z,35.387564434,139.425780849,0,440,020,26935819,3750,-1,-78,-10,14.0,idle,"[31, 78]","[0, 1]"
2022-02-14T06:12:49.000Z,35.387563865,139.425796368,0,440,020,26935819,3750,-1,-78,-10,14.0,idle,"[31, 78]","[0, 1]"
2022-02-14T06:12:50.000Z,35.387563295,139.425811887,0,440,020,26935819,3750,-1,-78,-10,14.0,idle,"[31, 78]","[0, 1]"
2022-02-14T06:12:51.000Z,35.387562726,139.425827406,0,440,020,26935819,3750,-1,-78,-10,12.0,idle,"[31, 78]","[0, 1]"
2022-02-14T06:12:52.000Z,35.387562156,139.425842925,0,440,020,26935819,3750,-1,-78,-10,12.0,idle,"[31, 78]","[0, 1]"
2022-02-14T06:12:53.000Z,35.387554238,139.425858444,0,440,020,26935819,3750,-1,-78,-10,12.0,idle,"[31, 78]","[0, 1]"
2022-02-14T06:12:54.000Z,35.387542356,139.425881122,0,440,020,26935819,3750,-1,-78,-10,14.0,idle,"[31, 78]","[0, 1]"
2022-02-14T06:12:55.000Z,35.387541786,139.425896641,0,440,020,26935819,3750,-1,-78,-10,14.0,idle,"[31, 78]","[0, 1]"
2022-02-14T06:12:56.000Z,35.387533869,139.425912159,0,440,020,26935819,3750,-1,-78,-10,14.0,idle,"[31, 78]","[0, 1]"
2022-02-14T06:12:57.000Z,35.387537264,139.425920519,0,440,020,26935819,3750,-1,-78,-10,14.0,idle,"[31, 78]","[0, 1]"
2022-02-14T06:12:58.000Z,35.387536694,139.425936038,0,440,020,26935819,3750,-1,-78,-10,14.0,idle,"[31, 78]","[0, 1]"
2022-02-14T06:12:59.000Z,35.387536124,139.425951557,0,440,020,26935819,3750,-1,-78,-10,16.0,idle,"[31, 78]","[0, 1]"
2022-02-14T06:13:00.000Z,35.387535555,139.425967076,0,440,020,26935819,3750,-1,-78,-10,16.0,idle,"[31, 78]","[0, 1]"
2022-02-14T06:13:01.000Z,35.387534985,139.425982595,0,440,020,26935819,3750,-1,-78,-10,16.0,idle,"[31, 78]","[0, 1]"
2022-02-14T06:13:02.000Z,35.387534416,139.425998114,0,440,020,26935819,3750,-1,-78,-10,16.0,idle,"[31, 78]","[0, 1]"
2022-02-14T06:13:03.000Z,35.387533846,139.426013633,0,440,020,26935819,3750,-1,-78,-10,16.0,idle,"[31, 78]","[0, 1]"
2022-02-14T06:13:04.000Z,35.387533276,139.426029152,0,440,020,26935819,3750,-1,-78,-10,16.0,idle,"[31, 78]","[0, 1]"
2022-02-14T06:13:05.000Z,35.387525359,139.426044671,0,440,020,26935819,3750,-1,-78,-10,16.0,idle,"[31, 78]","[0, 1]"
2022-02-14T06:13:06.000Z,35.387524789,139.426060189,0,440,020,26935819,3750,-1,-85,-10,8.0,idle,"[27, 85]","[0, 1]"
2022-02-14T06:13:07.000Z,35.387524219,139.426075708,0,440,020,26935819,3750,-1,-85,-10,8.0,idle,"[27, 85]","[0, 1]"
2022-02-14T06:13:08.000Z,35.38752365,139.426091227,0,440,020,26935819,3750,-1,-85,-10,8.0,idle,"[27, 85]","[0, 1]"
2022-02-14T06:13:09.000Z,35.387519115,139.426113905,0,440,020,26935819,3750,-1,-73,-10,14.0,idle,"[31, 73]","[0, 1]"
2022-02-14T06:13:10.000Z,35.387521941,139.426137784,0,440,020,26935819,3750,-1,-73,-10,14.0,idle,"[31, 73]","[0, 1]"
2022-02-14T06:13:11.000Z,35.387521371,139.426153303,0,440,020,26935819,3750,-1,-73,-10,14.0,idle,"[31, 73]","[0, 1]"
2022-02-14T06:13:12.000Z,35.387510058,139.426160462,0,440,020,26935819,3750,-1,-73,-10,14.0,idle,"[31, 73]","[0, 1]"
2022-02-14T06:13:13.000Z,35.387509489,139.42617598,0,440,020,26935819,3750,-1,-73,-10,14.0,idle,"[31, 72]","[0, 1]"
2022-02-14T06:13:14.000Z,35.387497606,139.426198658,0,440,020,26935819,3750,-1,-73,-10,19.0,idle,"[31, 73]","[0, 1]"
2022-02-14T06:13:15.000Z,35.387489689,139.426214177,0,440,020,26935819,3750,-1,-73,-10,19.0,idle,"[31, 73]","[0, 1]"
2022-02-14T06:13:16.000Z,35.387481771,139.426229696,0,440,020,26935819,3750,-1,-73,-10,19.0,idle,"[31, 73]","[0, 1]"
2022-02-14T06:13:17.000Z,35.387470458,139.426236855,0,440,020,26935819,3750,-1,-73,-10,19.0,idle,"[31, 73]","[0, 1]"
2022-02-14T06:13:18.000Z,35.387462541,139.426252374,0,440,020,26935819,3750,-1,-73,-10,13.0,idle,"[31, 73]","[0, 1]"
2022-02-14T06:13:19.000Z,35.387461971,139.426267892,0,440,020,26935819,3750,-1,-73,-10,13.0,idle,"[31, 73]","[0, 1]"
2022-02-14T06:13:20.000Z,35.387461401,139.426283411,0,440,020,26935819,3750,-1,-73,-10,13.0,idle,"[31, 73]","[0, 1]"
2022-02-14T06:13:21.000Z,35.387464227,139.42630729,0,440,020,26935819,3750,-1,-78,-10,10.0,idle,"[30, 78]","[0, 1]"
2022-02-14T06:13:22.000Z,35.387471005,139.426322809,0,440,020,26935819,3750,-1,-78,-10,10.0,idle,"[30, 78]","[0, 1]"
2022-02-14T06:13:23.000Z,35.38747383,139.426346688,0,440,020,26935819,3750,-1,-78,-10,10.0,idle,"[30, 78]","[0, 1]"
2022-02-14T06:13:24.000Z,35.387473261,139.426362207,0,440,020,26935819,3750,-1,-78,-10,10.0,idle,"[30, 78]","[0, 1]"
2022-02-14T06:13:25.000Z,35.387472691,139.426377726,0,440,020,26935819,3750,-1,-78,-10,15.0,idle,"[30, 78]","[0, 1]"
2022-02-14T06:13:26.000Z,35.387475516,139.426401605,0,440,020,26935819,3750,-1,-78,-10,15.0,idle,"[30, 78]","[0, 1]"
2022-02-14T06:13:27.000Z,35.387470982,139.426424282,0,440,020,26935819,3750,-1,-78,-10,15.0,idle,"[30, 78]","[0, 1]"
2022-02-14T06:13:28.000Z,35.387473807,139.426448161,0,440,020,26935819,3750,-1,-78,-10,15.0,idle,"[30, 78]","[0, 1]"
2022-02-14T06:13:29.000Z,35.387473237,139.42646368,0,440,020,26935819,3750,-1,-78,-10,13.0,idle,"[30, 78]","[0, 1]"
2022-02-14T06:13:30.000Z,35.387476062,139.426487559,0,440,020,26935819,3750,-1,-78,-10,13.0,idle,"[30, 78]","[0, 1]"
2022-02-14T06:13:31.000Z,35.387478876,139.426510237,0,440,020,26935819,3750,-1,-78,-10,13.0,idle,"[30, 78]","[0, 1]"
2022-02-14T06:13:32.000Z,35.387481701,139.426534116,0,440,020,26935819,3750,-1,-78,-10,11.0,idle,"[30, 78]","[0, 1]"
2022-02-14T06:13:33.000Z,35.387481132,139.426549635,0,440,020,26935819,3750,-1,-78,-10,11.0,idle,"[30, 78]","[0, 1]"
2022-02-14T06:13:34.000Z,35.387483957,139.426573514,0,440,020,26935819,3750,-1,-78,-10,11.0,idle,"[30, 78]","[0, 1]"
2022-02-14T06:13:35.000Z,35.387479422,139.426596191,0,440,020,26935819,3750,-1,-78,-10,11.0,idle,"[30, 78]","[0, 1]"
2022-02-14T06:13:36.000Z,35.387482248,139.42662007,0,440,020,26935819,3750,-1,-78,-10,12.0,idle,"[30, 78]","[0, 1]"
2022-02-14T06:13:37.000Z,35.387489026,139.426635589,0,440,020,26935819,3750,-1,-78,-10,12.0,idle,"[30, 78]","[0, 1]"
2022-02-14T06:13:38.000Z,35.387491851,139.426659468,0,440,020,26935819,3750,-1,-78,-10,12.0,idle,"[30, 78]","[0, 1]"
2022-02-14T06:13:39.000Z,35.387491281,139.426674987,0,440,020,26935819,3750,-1,-78,-10,11.0,idle,"[30, 78]","[0, 1]"
2022-02-14T06:13:40.000Z,35.387502024,139.426683347,0,440,020,26935819,3750,-1,-78,-10,11.0,idle,"[30, 78]","[0, 1]"
2022-02-14T06:13:41.000Z,35.387501455,139.426698866,0,440,020,26935819,3750,-1,-78,-10,11.0,idle,"[30, 78]","[0, 1]"
2022-02-14T06:13:42.000Z,35.387515592,139.426715586,0,440,020,26935819,3750,-1,-78,-10,11.0,idle,"[30, 78]","[0, 1]"
2022-02-14T06:13:43.000Z,35.387522371,139.426731105,0,440,020,26935819,3750,-1,-78,-10,11.0,idle,"[30, 78]","[0, 1]"
2022-02-14T06:13:44.000Z,35.387533114,139.426739465,0,440,020,26935819,3750,-1,-83,-10,8.0,idle,"[30, 83]","[0, 1]"
2022-02-14T06:13:45.000Z,35.387543856,139.426747825,0,440,020,26935819,3750,-1,-83,-10,8.0,idle,"[30, 83]","[0, 1]"
2022-02-14T06:13:46.000Z,35.387561947,139.426756185,0,440,020,26935819,3750,-1,-83,-10,8.0,idle,"[30, 83]","[0, 1]"
2022-02-14T06:13:47.000Z,35.387576655,139.426757387,0,440,020,26935819,3750,-1,-89,-10,3.0,idle,"[26, 89]","[0, 1]"
2022-02-14T06:13:48.000Z,35.387587398,139.426765747,0,440,020,26935819,3750,-1,-89,-10,3.0,idle,"[26, 89]","[0, 1]"
2022-02-14T06:13:49.000Z,35.387594746,139.426765747,0,440,020,26935819,3750,-1,-89,-10,3.0,idle,"[26, 89]","[0, 1]"
2022-02-14T06:13:50.000Z,35.387616801,139.426766948,0,440,020,26935819,3750,-1,-89,-10,3.0,idle,"[26, 89]","[0, 1]"
2022-02-14T06:13:51.000Z,35.387631509,139.42676815,0,440,020,26935819,3750,-1,-89,-10,2.0,idle,"[26, 89]","[0, 1]"
2022-02-14T06:13:52.000Z,35.3876496,139.42677651,0,440,020,26935819,3750,-1,-89,-10,2.0,idle,"[26, 89]","[0, 1]"
2022-02-14T06:13:53.000Z,35.387664307,139.426777711,0,440,020,26935819,3750,-1,-89,-10,2.0,idle,"[26, 89]","[0, 1]"
2022-02-14T06:13:54.000Z,35.38767505,139.426786072,0,440,020,26935819,3750,-1,-89,-10,2.0,idle,"[26, 89]","[0, 1]"
2022-02-14T06:13:55.000Z,35.387693711,139.426778913,0,440,020,26935819,3750,-1,-89,-10,2.0,idle,"[26, 89]","[0, 1]"
2022-02-14T06:13:56.000Z,35.387708418,139.426780114,0,440,020,26935819,3750,-1,-89,-10,2.0,idle,"[26, 89]","[0, 1]"
2022-02-14T06:13:57.000Z,35.387719161,139.426788474,0,440,020,26935819,3750,-1,-89,-10,2.0,idle,"[26, 89]","[0, 1]"
2022-02-14T06:13:58.000Z,35.387733869,139.426789676,0,440,020,26935819,3750,-1,-89,-10,2.0,idle,"[26, 89]","[0, 1]"
2022-02-14T06:13:59.000Z,35.387744612,139.426798036,0,440,020,26935819,3750,-1,-89,-10,2.0,idle,"[26, 89]","[0, 1]"
2022-02-14T06:14:00.000Z,35.387766667,139.426799237,0,440,020,26935819,3750,-1,-89,-10,3.0,idle,"[26, 89]","[0, 1]"
2022-02-14T06:14:01.000Z,35.38777741,139.426807598,0,440,020,26935819,3750,-1,-89,-10,3.0,idle,"[26, 89]","[0, 1]"
2022-02-14T06:14:02.000Z,35.387792118,139.426808799,0,440,020,26935819,3750,-1,-89,-10,3.0,idle,"[26, 89]","[0, 1]"
2022-02-14T06:14:03.000Z,35.387814173,139.42681,0,440,020,26935819,3750,-1,-89,-10,1.0,idle,"[26, 89]","[0, 1]"
2022-02-14T06:14:04.000Z,35.387828881,139.426811202,0,440,020,26935819,3750,-1,-89,-10,1.0,idle,"[26, 89]","[0, 1]"
2022-02-14T06:14:05.000Z,35.387850936,139.426812403,0,440,020,26935819,3750,-1,-89,-10,1.0,idle,"[26, 89]","[0, 1]"
2022-02-14T06:14:06.000Z,35.387862249,139.426805244,0,440,020,26935819,3750,-1,-89,-10,1.0,idle,"[26, 89]","[0, 1]"
2022-02-14T06:14:07.000Z,35.387884305,139.426806446,0,440,020,26935819,3750,-1,-89,-10,1.0,idle,"[26, 89]","[0, 1]"
2022-02-14T06:14:08.000Z,35.387899012,139.426807647,0,440,020,26935819,3750,-1,-89,-10,1.0,idle,"[26, 89]","[0, 1]"
2022-02-14T06:14:09.000Z,35.387910325,139.426800489,0,440,020,26935819,3750,-1,-89,-10,1.0,idle,"[26, 89]","[0, 1]"
2022-02-14T06:14:10.000Z,35.387925032,139.42680169,0,440,020,26935819,3750,-1,-89,-10,1.0,idle,"[26, 89]","[0, 1]"
2022-02-14T06:14:11.000Z,35.387936345,139.426794531,0,440,020,26935819,3750,-1,-89,-10,3.0,idle,"[26, 89]","[0, 1]"
2022-02-14T06:14:12.000Z,35.387951053,139.426795733,0,440,020,26935819,3750,-1,-89,-10,3.0,idle,"[26, 89]","[0, 1]"
2022-02-14T06:14:13.000Z,35.387969713,139.426788574,0,440,020,26935819,3750,-1,-89,-10,3.0,idle,"[26, 89]","[0, 1]"
2022-02-14T06:14:14.000Z,35.387984421,139.426789775,0,440,020,26935819,3750,-1,-89,-10,3.0,idle,"[26, 89]","[0, 1]"
2022-02-14T06:14:15.000Z,35.387995164,139.426798135,0,440,020,26935819,3750,-1,-89,-10,3.0,idle,"[26, 89]","[0, 1]"
2022-02-14T06:14:16.000Z,35.388017219,139.426799337,0,440,020,26935819,3750,-1,-89,-10,3.0,idle,"[26, 89]","[0, 1]"
2022-02-14T06:14:17.000Z,35.388027962,139.426807697,0,440,020,26935819,3750,-1,-89,-10,3.0,idle,"[26, 89]","[0, 1]"
2022-02-14T06:14:18.000Z,35.388050018,139.426808899,0,440,020,26935819,3750,-1,-93,-10,3.0,idle,"[26, 93]","[0, 1]"
2022-02-14T06:14:19.000Z,35.388064725,139.4268101,0,440,020,26935819,3750,-1,-93,-10,3.0,idle,"[26, 93]","[0, 1]"
2022-02-14T06:14:20.000Z,35.388082816,139.42681846,0,440,020,26935819,3750,-1,-93,-10,3.0,idle,"[26, 93]","[0, 1]"
2022-02-14T06:14:21.000Z,35.388097524,139.426819662,0,440,020,26935819,3750,-1,-89,-10,3.0,idle,"[26, 89]","[0, 1]"
2022-02-14T06:14:22.000Z,35.388108836,139.426812503,0,440,020,26935819,3750,-1,-89,-10,3.0,idle,"[26, 89]","[0, 1]"
2022-02-14T06:14:23.000Z,35.388130892,139.426813704,0,440,020,26935819,3750,-1,-89,-10,3.0,idle,"[26, 89]","[0, 1]"
2022-02-14T06:14:24.000Z,35.388142205,139.426806545,0,440,020,26935819,3750,-1,-89,-10,3.0,idle,"[26, 84]","[0, 1]"
2022-02-14T06:14:25.000Z,35.388150122,139.426791026,0,440,020,26935819,3750,-1,-84,-10,7.0,idle,"[26, 84]","[0, 1]"
2022-02-14T06:14:26.000Z,35.388150692,139.426775507,0,440,020,26935819,3750,-1,-84,-10,7.0,idle,"[26, 84]","[0, 1]"
2022-02-14T06:14:27.000Z,35.388151262,139.426759988,0,440,020,26935819,3750,-1,-84,-10,7.0,idle,"[26, 84]","[0, 1]"
2022-02-14T06:14:28.000Z,35.388163144,139.426737311,0,440,020,26935819,3750,-1,-84,-10,7.0,idle,"[26, 84]","[0, 1]"
2022-02-14T06:14:29.000Z,35.388163714,139.426721792,0,440,020,26935819,3750,-1,-84,-10,7.0,idle,"[26, 84]","[0, 1]"
2022-02-14T06:14:30.000Z,35.388164284,139.426706273,0,440,020,26935819,3750,-1,-84,-10,7.0,idle,"[26, 84]","[0, 1]"
2022-02-14T06:14:31.000Z,35.388168818,139.426683595,0,440,020,26935819,3750,-1,-84,-10,7.0,idle,"[26, 84]","[0, 1]"
2022-02-14T06:14:32.000Z,35.388176736,139.426668076,0,440,020,26935819,3750,-1,-84,-10,11.0,idle,"[30, 84]","[0, 1]"
2022-02-14T06:14:33.000Z,35.388177306,139.426652557,0,440,020,26935819,3750,-1,-84,-10,11.0,idle,"[30, 84]","[0, 1]"
2022-02-14T06:14:34.000Z,35.388185223,139.426637038,0,440,020,26935819,3750,-1,-84,-10,11.0,idle,"[30, 84]","[0, 1]"
2022-02-14T06:14:35.000Z,35.388185793,139.426621519,0,440,020,26935819,3750,-1,-84,-10,11.0,idle,"[30, 84]","[0, 1]"
2022-02-14T06:14:36.000Z,35.388193711,139.426606,0,440,020,26935819,3750,-1,-84,-10,8.0,idle,"[27, 84]","[0, 1]"
2022-02-14T06:14:37.000Z,35.388201628,139.426590481,0,440,020,26935819,3750,-1,-84,-10,8.0,idle,"[27, 84]","[0, 1]"
2022-02-14T06:14:38.000Z,35.388202198,139.426574962,0,440,020,26935819,3750,-1,-84,-10,8.0,idle,"[27, 84]","[0, 1]"
2022-02-14T06:14:39.000Z,35.388202768,139.426559443,0,440,020,26935819,3750,-1,-84,-10,9.0,idle,"[27, 84]","[0, 1]"
2022-02-14T06:14:40.000Z,35.388210685,139.426543924,0,440,020,26935819,3750,-1,-84,-10,9.0,idle,"[27, 84]","[0, 1]"
2022-02-14T06:14:41.000Z,35.388218603,139.426528405,0,440,020,26935819,3750,-1,-84,-10,9.0,idle,"[27, 84]","[0, 1]"
2022-02-14T06:14:42.000Z,35.388219173,139.426512886,0,440,020,26935819,3750,-1,-84,-10,13.0,idle,"[27, 84]","[0, 1]"
2022-02-14T06:14:43.000Z,35.388223696,139.426489007,0,440,020,26935819,3750,-1,-84,-10,13.0,idle,"[27, 84]","[0, 1]"
2022-02-14T06:14:44.000Z,35.388224265,139.426473488,0,440,020,26935819,3750,-1,-84,-10,13.0,idle,"[27, 84]","[0, 1]"
2022-02-14T06:14:45.000Z,35.388232183,139.426457969,0,440,020,26935819,3750,-1,-84,-10,13.0,idle,"[27, 84]","[0, 1]"
2022-02-14T06:14:46.000Z,35.388232753,139.42644245,0,440,020,26935819,3750,-1,-84,-10,13.0,idle,"[27, 84]","[0, 1]"
2022-02-14T06:14:47.000Z,35.38824067,139.426426931,0,440,020,26935819,3750,-1,-84,-10,9.0,idle,"[27, 84]","[0, 1]"
2022-02-14T06:14:48.000Z,35.38824124,139.426411411,0,440,020,26935819,3750,-1,-84,-10,9.0,idle,"[27, 84]","[0, 1]"
2022-02-14T06:14:49.000Z,35.388249158,139.426395892,0,440,020,26935819,3750,-1,-84,-10,9.0,idle,"[27, 84]","[0, 1]"
2022-02-14T06:14:50.000Z,35.388249727,139.426380373,0,440,020,26935819,3750,-1,-84,-10,9.0,idle,"[27, 84]","[0, 1]"
2022-02-14T06:14:51.000Z,35.388258215,139.426349335,0,440,020,26935819,3750,-1,-84,-10,7.0,idle,"[27, 84]","[0, 1]"
2022-02-14T06:14:52.000Z,35.388258784,139.426333816,0,440,020,26935819,3750,-1,-84,-10,7.0,idle,"[27, 84]","[0, 1]"
2022-02-14T06:14:53.000Z,35.388259354,139.426318297,0,440,020,26935819,3750,-1,-84,-10,7.0,idle,"[27, 84]","[0, 1]"
2022-02-14T06:14:54.000Z,35.388256529,139.426294418,0,440,020,26935819,3750,-1,-84,-10,12.0,idle,"[27, 84]","[0, 1]"
2022-02-14T06:14:55.000Z,35.388264446,139.426278899,0,440,020,26935819,3750,-1,-84,-10,12.0,idle,"[27, 84]","[0, 1]"
2022-02-14T06:14:56.000Z,35.388268981,139.426256221,0,440,020,26935819,3750,-1,-84,-10,12.0,idle,"[27, 84]","[0, 1]"
2022-02-14T06:14:57.000Z,35.388273503,139.426232342,0,440,020,26935819,3750,-1,-84,-10,12.0,idle,"[27, 84]","[0, 1]"
2022-02-14T06:14:58.000Z,35.388281421,139.426216823,0,440,020,26935819,3750,-1,-84,-10,12.0,idle,"[27, 84]","[0, 1]"
2022-02-14T06:14:59.000Z,35.388285955,139.426194145,0,440,020,26935819,3750,-1,-78,-10,9.0,idle,"[30, 78]","[0, 1]"
2022-02-14T06:15:00.000Z,35.388294443,139.426163107,0,440,020,26935819,3750,-1,-78,-10,9.0,idle,"[30, 78]","[0, 1]"
2022-02-14T06:15:01.000Z,35.38830236,139.426147588,0,440,020,26935819,3750,-1,-78,-10,9.0,idle,"[30, 78]","[0, 1]"
2022-02-14T06:15:02.000Z,35.388299535,139.426123709,0,440,020,26935819,3750,-1,-82,-10,7.0,idle,"[30, 78]","[0, 1]"
2022-02-14T06:15:03.000Z,35.388300105,139.42610819,0,440,020,26935819,3750,-1,-78,-10,7.0,idle,"[30, 78]","[0, 1]"
2022-02-14T06:15:04.000Z,35.388297279,139.426084311,0,440,020,26935819,3750,-1,-78,-10,7.0,idle,"[30, 78]","[0, 1]"
2022-02-14T06:15:05.000Z,35.388294454,139.426060432,0,440,020,26935819,3750,-1,-78,-10,7.0,idle,"[30, 78]","[0, 1]"
2022-02-14T06:15:06.000Z,35.388283711,139.426052072,0,440,020,26935819,3750,-1,-83,-10,12.0,idle,"[30, 83]","[0, 1]"
2022-02-14T06:15:07.000Z,35.388272968,139.426043711,0,440,020,26935819,3750,-1,-83,-10,12.0,idle,"[30, 83]","[0, 1]"
2022-02-14T06:15:08.000Z,35.38825883,139.426026991,0,440,020,26935819,3750,-1,-83,-10,12.0,idle,"[30, 83]","[0, 1]"
2022-02-14T06:15:09.000Z,35.388244692,139.426010271,0,440,020,26935819,3750,-1,-83,-10,12.0,idle,"[30, 83]","[0, 1]"
2022-02-14T06:15:10.000Z,35.388233949,139.426001911,0,440,020,26935819,3750,-1,-83,-10,7.0,idle,"[30, 83]","[0, 1]"
2022-02-14T06:15:11.000Z,35.388231124,139.425978032,0,440,020,26935819,3750,-1,-83,-10,7.0,idle,"[30, 83]","[0, 1]"
2022-02-14T06:15:12.000Z,35.388220381,139.425969672,0,440,020,26935819,3750,-1,-83,-10,7.0,idle,"[30, 83]","[0, 1]"
2022-02-14T06:15:13.000Z,35.388217556,139.425945793,0,440,020,26935819,3750,-1,-83,-10,7.0,idle,"[30, 83]","[0, 1]"
2022-02-14T06:15:14.000Z,35.38821473,139.425921913,0,440,020,26935819,3750,-1,-83,-10,10.0,idle,"[30, 83]","[0, 1]"
2022-02-14T06:15:15.000Z,35.388207952,139.425906394,0,440,020,26935819,3750,-1,-83,-10,10.0,idle,"[30, 83]","[0, 1]"
2022-02-14T06:15:16.000Z,35.388205127,139.425882515,0,440,020,26935819,3750,-1,-83,-10,10.0,idle,"[30, 83]","[0, 1]"
2022-02-14T06:15:17.000Z,35.388206266,139.425851477,0,440,020,26935819,3750,-1,-83,-10,10.0,idle,"[30, 83]","[0, 1]"
2022-02-14T06:15:18.000Z,35.388214183,139.425835958,0,440,020,26935819,3750,-1,-83,-10,10.0,idle,"[30, 83]","[0, 1]"
2022-02-14T06:15:19.000Z,35.388214753,139.425820439,0,440,020,26935819,3750,-1,-83,-10,10.0,idle,"[30, 83]","[0, 1]"
2022-02-14T06:15:20.000Z,35.388215892,139.425789401,0,440,020,26935819,3750,-1,-83,-10,10.0,idle,"[30, 83]","[0, 1]"
2022-02-14T06:15:21.000Z,35.388216462,139.425773882,0,440,020,26935819,3750,-1,-83,-10,10.0,idle,"[30, 83]","[0, 1]"
2022-02-14T06:15:22.000Z,35.388224379,139.425758363,0,440,020,26935819,3750,-1,-83,-10,10.0,idle,"[30, 83]","[0, 1]"
2022-02-14T06:15:23.000Z,35.388228914,139.425735685,0,440,020,26935819,3750,-1,-83,-10,10.0,idle,"[30, 83]","[0, 1]"
2022-02-14T06:15:24.000Z,35.388226088,139.425711806,0,440,020,26935819,3750,-1,-83,-10,10.0,idle,"[30, 83]","[0, 1]"
2022-02-14T06:15:25.000Z,35.388226658,139.425696287,0,440,020,26935819,3750,-1,-83,-10,10.0,idle,"[30, 83]","[0, 1]"
2022-02-14T06:15:26.000Z,35.388234576,139.425680768,0,440,020,26935819,3750,-1,-83,-10,7.0,idle,"[30, 83]","[0, 1]"
2022-02-14T06:15:27.000Z,35.38823911,139.42565809,0,440,020,26935819,3750,-1,-83,-10,7.0,idle,"[30, 83]","[0, 1]"
2022-02-14T06:15:28.000Z,35.388243632,139.425634211,0,440,020,26935819,3750,-1,-83,-10,7.0,idle,"[30, 83]","[0, 1]"
2022-02-14T06:15:29.000Z,35.388248167,139.425611533,0,440,020,26935819,3750,-1,-83,-10,7.0,idle,"[30, 83]","[0, 1]"
2022-02-14T06:15:30.000Z,35.388248736,139.425596014,0,440,020,26935819,3750,-1,-83,-10,7.0,idle,"[30, 83]","[0, 1]"
2022-02-14T06:15:31.000Z,35.388249306,139.425580495,0,440,020,26935819,3750,-1,-83,-10,7.0,idle,"[30, 83]","[0, 1]"
2022-02-14T06:15:32.000Z,35.388257223,139.425564976,0,440,020,26935819,3750,-1,-83,-10,7.0,idle,"[30, 83]","[0, 1]"
2022-02-14T06:15:33.000Z,35.388268536,139.425557817,0,440,020,26935819,3750,-1,-83,-10,6.0,idle,"[30, 83]","[0, 1]"
2022-02-14T06:15:34.000Z,35.388276453,139.425542298,0,440,020,26935819,3750,-1,-83,-10,6.0,idle,"[30, 83]","[0, 1]"
2022-02-14T06:15:35.000Z,35.388280418,139.425535139,0,440,020,26935819,3750,-1,-83,-10,6.0,idle,"[30, 83]","[0, 1]"
2022-02-14T06:15:36.000Z,35.388284383,139.42552798,0,440,020,26935819,3750,-1,-83,-10,6.0,idle,"[30, 83]","[0, 1]"
2022-02-14T06:15:37.000Z,35.388280988,139.42551962,0,440,020,26935819,3750,-1,-83,-10,6.0,idle,"[30, 83]","[0, 1]"
2022-02-14T06:15:38.000Z,35.388284952,139.425512461,0,440,020,26935819,3750,-1,-78,-10,9.0,idle,"[30, 78]","[0, 1]"
2022-02-14T06:15:39.000Z,35.388281557,139.425504101,0,440,020,26935819,3750,-1,-78,-10,9.0,idle,"[30, 78]","[0, 1]"
2022-02-14T06:15:40.000Z,35.388285522,139.425496942,0,440,020,26935819,3750,-1,-78,-10,9.0,idle,"[30, 78]","[0, 1]"
2022-02-14T06:15:41.000Z,35.388282127,139.425488582,0,440,020,26935819,3750,-1,-78,-10,11.0,idle,"[30, 78]","[0, 1]"
2022-02-14T06:15:42.000Z,35.388282127,139.425488582,0,440,020,26935819,3750,-1,-78,-10,11.0,idle,"[30, 78]","[0, 1]"
2022-02-14T06:15:43.000Z,35.388282127,139.425488582,0,440,020,26935819,3750,-1,-78,-10,11.0,idle,"[30, 78]","[0, 1]"
2022-02-14T06:15:44.000Z,35.388282127,139.425488582,0,440,020,26935819,3750,-1,-78,-10,11.0,idle,"[30, 78]","[0, 1]"
2022-02-14T06:15:45.000Z,35.388282127,139.425488582,0,440,020,26935819,3750,-1,-84,-10,8.0,idle,"[30, 84]","[0, 1]"
2022-02-14T06:15:46.000Z,35.388282127,139.425488582,0,440,020,26935819,3750,-1,-84,-10,8.0,idle,"[30, 84]","[0, 1]"
2022-02-14T06:15:47.000Z,35.388285522,139.425496942,0,440,020,26935819,3750,-1,-84,-10,8.0,idle,"[30, 84]","[0, 1]"
2022-02-14T06:15:48.000Z,35.388285522,139.425496942,0,440,020,26935819,3750,-1,-84,-10,8.0,idle,"[30, 84]","[0, 1]"
2022-02-14T06:15:49.000Z,35.388281557,139.425504101,0,440,020,26935819,3750,-1,-84,-10,8.0,idle,"[30, 84]","[0, 1]"
2022-02-14T06:15:50.000Z,35.3882923,139.425512461,0,440,020,26935819,3750,-1,-84,-10,8.0,idle,"[30, 84]","[0, 1]"
2022-02-14T06:15:51.000Z,35.3882923,139.425512461,0,440,020,26935819,3750,-1,-84,-10,8.0,idle,"[30, 84]","[0, 1]"
2022-02-14T06:15:52.000Z,35.388295695,139.425520821,1,440,020,26935819,3750,-1,-84,-10,8.0,idle,"[30, 84]","[0, 1]"
2022-02-14T06:15:53.000Z,35.388303043,139.425520821,1,440,020,26935819,3750,-1,-84,-10,8.0,idle,"[30, 84]","[0, 1]"
2022-02-14T06:15:54.000Z,35.388306438,139.425529181,1,440,020,26935819,3750,-1,-84,-10,9.0,idle,"[30, 84]","[0, 1]"
2022-02-14T06:15:55.000Z,35.388313786,139.425529181,2,440,020,26935819,3750,-1,-84,-10,9.0,idle,"[30, 84]","[0, 1]"
2022-02-14T06:15:56.000Z,35.388313216,139.4255447,2,440,020,26935819,3750,-1,-84,-10,9.0,idle,"[30, 84]","[0, 1]"
2022-02-14T06:15:57.000Z,35.388316612,139.42555306,3,440,020,26935819,3750,-1,-82,-10,9.0,idle,"[30, 82]","[0, 1]"
2022-02-14T06:15:58.000Z,35.388316612,139.42555306,3,440,020,26935819,3750,-1,-82,-10,9.0,idle,"[30, 82]","[0, 1]"
2022-02-14T06:15:59.000Z,35.388316042,139.425568579,3,440,020,26935819,3750,-1,-82,-10,9.0,idle,"[30, 82]","[0, 1]"
2022-02-14T06:16:00.000Z,35.38832339,139.425568579,3,440,020,26935819,3750,-1,-82,-10,9.0,idle,"[30, 82]","[0, 1]"
2022-02-14T06:16:01.000Z,35.38832339,139.425568579,2,440,020,26935819,3750,-1,-82,-10,12.0,idle,"[30, 84]","[0, 1]"
2022-02-14T06:16:02.000Z,35.388326785,139.425576939,2,440,020,26935819,3750,-1,-84,-10,12.0,idle,"[30, 84]","[0, 1]"
2022-02-14T06:16:03.000Z,35.388326785,139.425576939,3,440,020,26935819,3750,-1,-84,-10,12.0,idle,"[30, 84]","[0, 1]"
2022-02-14T06:16:04.000Z,35.38833018,139.4255853,3,440,020,26935819,3750,-1,-84,-10,12.0,idle,"[30, 84]","[0, 1]"
2022-02-14T06:16:05.000Z,35.388334133,139.425576939,3,440,020,26935819,3750,-1,-72,-10,19.0,idle,"[30, 72]","[0, 1]"
2022-02-14T06:16:06.000Z,35.388334133,139.425576939,3,440,020,26935819,3750,-1,-72,-10,19.0,idle,"[30, 72]","[0, 1]"
2022-02-14T06:16:07.000Z,35.388338097,139.425569781,3,440,020,26935819,3750,-1,-72,-10,19.0,idle,"[30, 72]","[0, 1]"
2022-02-14T06:16:08.000Z,35.388338097,139.425569781,3,440,020,26935819,3750,-1,-72,-10,19.0,idle,"[30, 72]","[0, 1]"
2022-02-14T06:16:09.000Z,35.388346015,139.425554261,3,440,020,26935819,3750,-1,-72,-10,19.0,idle,"[30, 72]","[0, 1]"
2022-02-14T06:16:10.000Z,35.38834998,139.425547102,2,440,020,26935819,3750,-1,-72,-10,19.0,idle,"[30, 72]","[0, 1]"
2022-02-14T06:16:11.000Z,35.388357328,139.425547102,2,440,020,26935819,3750,-1,-72,-10,19.0,idle,"[30, 81]","[0, 1]"
2022-02-14T06:16:12.000Z,35.388361292,139.425539944,2,440,020,26935819,3750,-1,-81,-10,8.0,idle,"[30, 81]","[0, 1]"
2022-02-14T06:16:13.000Z,35.388361862,139.425524424,2,440,020,26935819,3750,-1,-81,-10,8.0,idle,"[30, 81]","[0, 1]"
2022-02-14T06:16:14.000Z,n/a,n/a,1,440,020,26935819,3750,-1,-81,-10,8.0,idle,"[30, 81]","[0, 1]"
2022-02-14T06:16:15.000Z,35.388369779,139.425508905,1,440,020,26935819,3750,-1,-81,-10,9.0,idle,"[27, 81]","[0, 1]"
2022-02-14T06:16:16.040Z,35.388381092,139.425501746,1,440,020,26935819,3750,-1,-81,-10,9.0,idle,"[27, 81]","[0, 1]"
2022-02-14T06:16:17.000Z,35.388392974,139.425479068,1,440,020,26935819,3750,-1,-81,-10,9.0,idle,"[27, 81]","[0, 1]"
2022-02-14T06:16:18.000Z,35.388400891,139.425463549,2,440,020,26935819,3750,-1,-81,-10,9.0,idle,"[27, 81]","[0, 1]"
2022-02-14T06:16:19.000Z,n/a,n/a,2,440,020,26935819,3750,-1,-81,-10,9.0,idle,"[27, 84]","[0, 1]"
2022-02-14T06:16:20.000Z,n/a,n/a,2,440,020,26935819,3750,-1,-84,-10,9.0,idle,"[27, 84]","[0, 1]"
2022-02-14T06:16:21.040Z,n/a,n/a,2,440,020,26935819,3750,-1,-84,-10,9.0,idle,"[27, 84]","[0, 1]"
2022-02-14T06:16:22.040Z,n/a,n/a,3,440,020,26935819,3750,-1,-84,-10,9.0,idle,"[27, 84]","[0, 1]"
2022-02-14T06:16:23.040Z,35.38844899,139.425357318,3,440,020,26935819,3750,-1,-81,-10,12.0,idle,"[27, 81]","[0, 1]"
2022-02-14T06:16:24.040Z,35.388460872,139.42533464,3,440,020,26935819,3750,-1,-81,-10,12.0,idle,"[27, 81]","[0, 1]"
2022-02-14T06:16:25.000Z,n/a,n/a,3,440,020,26935819,3750,-1,-81,-10,12.0,idle,"[27, 81]","[0, 1]"
2022-02-14T06:16:26.000Z,n/a,n/a,3,440,020,26935819,3750,-1,-81,-10,5.0,idle,"[27, 81]","[0, 1]"
2022-02-14T06:16:27.000Z,n/a,n/a,3,440,020,26935819,3750,-1,-81,-10,5.0,idle,"[27, 81]","[0, 1]"
2022-02-14T06:16:28.000Z,n/a,n/a,3,440,020,26935819,3750,-1,-81,-10,5.0,idle,"[27, 81]","[0, 1]"
2022-02-14T06:16:29.000Z,35.388505575,139.425220048,3,440,020,26935819,3750,-1,-81,-10,5.0,idle,"[27, 81]","[0, 1]"
2022-02-14T06:16:30.000Z,35.388517457,139.42519737,3,440,020,26935819,3750,-1,-81,-10,5.0,idle,"[31, 81]","[0, 1]"
2022-02-14T06:16:31.000Z,35.388518026,139.425181851,3,440,020,26935819,3750,-1,-81,-10,5.0,idle,"[31, 81]","[0, 1]"
2022-02-14T06:16:32.000Z,35.388529908,139.425159173,3,440,020,26935819,3750,-1,-81,-10,5.0,idle,"[31, 81]","[0, 1]"
2022-02-14T06:16:33.000Z,35.388530478,139.425143654,3,440,020,26935819,3750,-1,-70,-10,17.0,idle,"[31, 70]","[0, 1]"
2022-02-14T06:16:34.000Z,35.388531617,139.425112616,2,440,020,26935819,3750,-1,-70,-10,17.0,idle,"[31, 70]","[0, 1]"
2022-02-14T06:16:35.000Z,35.388539535,139.425097097,3,440,020,26935819,3750,-1,-70,-10,17.0,idle,"[31, 70]","[0, 1]"
2022-02-14T06:16:36.000Z,n/a,n/a,3,440,020,26935819,3750,-1,-70,-10,17.0,idle,"[31, 70]","[0, 1]"
2022-02-14T06:16:37.000Z,n/a,n/a,3,440,020,26935819,3750,-1,-70,-10,17.0,idle,"[31, 70]","[0, 1]"
2022-02-14T06:16:38.040Z,n/a,n/a,3,440,020,26935819,3750,-1,-70,-10,17.0,idle,"[31, 70]","[0, 1]"
2022-02-14T06:16:39.040Z,n/a,n/a,3,440,020,26935819,3750,-1,-70,-10,17.0,idle,"[31, 70]","[0, 1]"
2022-02-14T06:16:40.040Z,n/a,n/a,3,440,020,26935819,3750,-1,-70,-10,18.0,idle,"[31, 70]","[0, 1]"
2022-02-14T06:16:41.040Z,n/a,n/a,3,440,020,26935819,3750,-1,-70,-10,18.0,idle,"[31, 70]","[0, 1]"
2022-02-14T06:16:42.040Z,n/a,n/a,3,440,020,26935819,3750,-1,-70,-10,18.0,idle,"[31, 70]","[0, 1]"
2022-02-14T06:16:43.040Z,n/a,n/a,3,440,020,26935819,3750,-1,-70,-10,18.0,idle,"[31, 70]","[0, 1]"
2022-02-14T06:16:44.040Z,n/a,n/a,3,440,020,26935819,3750,-1,-70,-10,18.0,idle,"[31, 70]","[0, 1]"
2022-02-14T06:16:45.040Z,n/a,n/a,3,440,020,26935819,3750,-1,-70,-10,18.0,idle,"[31, 70]","[0, 1]"
2022-02-14T06:16:46.040Z,n/a,n/a,3,440,020,26935819,3750,-1,-70,-10,18.0,idle,"[31, 70]","[0, 1]"
2022-02-14T06:16:47.040Z,n/a,n/a,3,440,020,26935819,3750,-1,-70,-10,18.0,idle,"[31, 70]","[0, 1]"
