time,lat,lon,alt,speed,Current,RSSI,ECIO,IO,SINR,RSRQ,SNR,RSRP,PCID
n/a,n/a,n/a,n/a,n/a,-57.0,-57.0,-2.5,-106.0,9.0,-7.0,26.6,-90.0,163.0
2021-06-17T07:54:15.000Z,35.387616128,139.429714487,32.172,0.306,-57.0,-57.0,-2.5,-106.0,9.0,-7.0,23.4,-90.0,163.0
2021-06-17T07:54:16.000Z,35.387616128,139.429714487,32.172,0.106,-57.0,-57.0,-2.5,-106.0,9.0,-7.0,25.2,-90.0,163.0
2021-06-17T07:54:19.000Z,35.387616128,139.429714487,32.172,0.814,-66.0,-66.0,-2.5,-106.0,9.0,-7.0,11.6,-98.0,163.0
2021-06-17T07:54:27.000Z,35.387681131,139.429746727,35.834,0.454,-66.0,-66.0,-2.5,-106.0,9.0,-7.0,6.8,-98.0,163.0
2021-06-17T07:54:28.000Z,35.38768112,139.429745525,37.562,0.347,-55.0,-55.0,-2.5,-106.0,9.0,-13.0,-7.2,-87.0,163.0
2021-06-17T07:54:31.000Z,35.387681108,139.429744323,39.291,0.163,-55.0,-55.0,-2.5,-106.0,9.0,-13.0,-4.0,-87.0,163.0
2021-06-17T07:55:11.000Z,35.387691793,139.429746672,47.983,0.177,-55.0,-55.0,-2.5,-106.0,9.0,-13.0,-3.0,-87.0,163.0
2021-06-17T07:55:12.000Z,35.387687828,139.429753831,48.602,0.268,-55.0,-55.0,-2.5,-106.0,9.0,-13.0,-5.2,-87.0,163.0
2021-06-17T07:55:16.000Z,35.387684434,139.42974547,49.132,0.102,-55.0,-55.0,-2.5,-106.0,9.0,-13.0,-5.0,-87.0,163.0
2021-06-17T07:55:23.000Z,35.387684434,139.42974547,49.132,0.0,-55.0,-55.0,-2.5,-106.0,9.0,-13.0,-4.6,-87.0,163.0
2021-06-17T07:55:24.000Z,35.387684434,139.42974547,49.132,0.0,-55.0,-55.0,-2.5,-106.0,9.0,-13.0,-5.4,-87.0,163.0
2021-06-17T07:55:28.000Z,35.387684434,139.42974547,49.132,0.0,-55.0,-55.0,-2.5,-106.0,9.0,-13.0,-2.8,-87.0,163.0
2021-06-17T07:55:35.000Z,35.387684422,139.429744268,50.861,0.271,-55.0,-55.0,-2.5,-106.0,9.0,-13.0,-7.2,-87.0,106.0
2021-06-17T07:55:36.000Z,35.387684422,139.429744268,50.861,0.176,-43.0,-43.0,-2.5,-106.0,9.0,-8.0,1.0,-69.0,287.0
2021-06-17T07:55:59.000Z,35.387687805,139.429751426,52.059,0.502,-43.0,-43.0,-2.5,-106.0,9.0,-8.0,2.8,-76.0,287.0
2021-06-17T07:56:00.000Z,35.38768384,139.429758584,52.678,0.339,-43.0,-43.0,-2.5,-106.0,9.0,-13.0,-2.2,-76.0,287.0
2021-06-17T07:56:04.000Z,35.387683829,139.429757382,54.407,0.365,-43.0,-43.0,-2.5,-106.0,9.0,-13.0,0.0,-76.0,287.0
2021-06-17T07:56:11.000Z,35.387687771,139.42974782,57.245,0.204,-43.0,-43.0,-2.5,-106.0,9.0,-13.0,0.6,-76.0,287.0
2021-06-17T07:56:12.000Z,35.387687771,139.42974782,57.245,0.367,-43.0,-43.0,-2.5,-106.0,9.0,-13.0,-2.2,-76.0,287.0
2021-06-17T07:56:16.000Z,35.387691154,139.429754978,58.443,0.177,-43.0,-43.0,-2.5,-106.0,9.0,-13.0,1.0,-76.0,287.0
2021-06-17T07:56:23.000Z,35.387695107,139.429746617,59.553,0.177,-43.0,-43.0,-2.5,-106.0,9.0,-13.0,3.2,-76.0,287.0
2021-06-17T07:56:24.000Z,35.387695107,139.429746617,59.553,0.306,-43.0,-43.0,-2.5,-106.0,9.0,-13.0,0.6,-76.0,287.0
2021-06-17T07:56:28.000Z,35.387687748,139.429745415,60.702,0.0,-43.0,-43.0,-2.5,-106.0,9.0,-13.0,1.0,-76.0,287.0
2021-06-17T07:56:31.000Z,35.387695096,139.429745415,61.281,0.177,-43.0,-43.0,-2.5,-106.0,9.0,-13.0,-1.6,-76.0,287.0
2021-06-17T07:56:39.000Z,35.387680388,139.429744213,61.852,0.306,-43.0,-43.0,-2.5,-106.0,9.0,-13.0,1.6,-76.0,287.0
2021-06-17T07:56:40.000Z,35.387683783,139.429752573,61.321,0.176,-43.0,-43.0,-2.5,-106.0,9.0,-13.0,-0.4,-76.0,287.0
2021-06-17T07:56:43.000Z,35.387680388,139.429744213,61.852,0.098,-43.0,-43.0,-2.5,-106.0,9.0,-13.0,-0.2,-76.0,287.0
2021-06-17T07:56:51.000Z,35.387684341,139.429735852,62.961,0.2,-43.0,-43.0,-2.5,-106.0,9.0,-13.0,0.4,-76.0,287.0
2021-06-17T07:56:52.000Z,35.387688306,139.429728694,62.342,0.505,-43.0,-43.0,-2.5,-106.0,9.0,-13.0,0.6,-76.0,287.0
2021-06-17T07:56:55.000Z,35.387684341,139.429735852,62.961,0.467,-43.0,-43.0,-2.5,-106.0,9.0,-13.0,4.4,-76.0,287.0
2021-06-17T07:57:03.000Z,35.387677564,139.429720334,62.293,0.102,-43.0,-43.0,-2.5,-106.0,9.0,-13.0,1.6,-76.0,287.0
2021-06-17T07:57:04.000Z,35.387673599,139.429727492,62.912,0.208,-43.0,-43.0,-2.5,-106.0,9.0,-13.0,-0.8,-76.0,287.0
2021-06-17T07:57:07.000Z,35.387684341,139.429735852,62.961,0.106,-43.0,-43.0,-2.5,-106.0,9.0,-13.0,0.6,-76.0,287.0
2021-06-17T07:57:15.000Z,35.387684341,139.429735852,62.961,0.0,-43.0,-43.0,-2.5,-106.0,9.0,-13.0,2.8,-76.0,287.0
2021-06-17T07:57:16.000Z,35.387684341,139.429735852,62.961,0.176,-43.0,-43.0,-2.5,-106.0,9.0,-13.0,1.6,-76.0,287.0
2021-06-17T07:57:19.000Z,35.387680947,139.429727492,63.491,0.2,-43.0,-43.0,-2.5,-106.0,9.0,-13.0,0.4,-76.0,287.0
2021-06-17T07:57:27.000Z,35.387680377,139.429743011,63.58,0.098,-43.0,-43.0,-2.5,-106.0,9.0,-13.0,0.0,-76.0,287.0
2021-06-17T07:57:28.000Z,35.387680377,139.429743011,63.58,0.364,-43.0,-43.0,-2.5,-106.0,9.0,-13.0,0.2,-76.0,287.0
2021-06-17T07:57:31.000Z,35.387676982,139.42973465,64.11,0.466,-43.0,-43.0,-2.5,-106.0,9.0,-8.0,5.8,-71.0,287.0
2021-06-17T07:57:39.000Z,35.387684307,139.429732246,68.147,0.171,-43.0,-43.0,-2.5,-106.0,9.0,-8.0,1.0,-71.0,287.0
2021-06-17T07:57:40.000Z,35.38768769,139.429739404,69.345,0.307,-43.0,-43.0,-2.5,-106.0,9.0,-8.0,3.8,-71.0,287.0
2021-06-17T07:57:43.000Z,35.387684295,139.429731044,69.875,0.0,-43.0,-43.0,-2.5,-106.0,9.0,-8.0,2.4,-71.0,287.0
2021-06-17T07:57:51.000Z,35.387687678,139.429738202,71.074,0.0,-43.0,-43.0,-2.5,-106.0,9.0,-8.0,3.8,-77.0,287.0
2021-06-17T07:57:52.000Z,35.387687678,139.429738202,71.074,0.0,-43.0,-43.0,-2.5,-106.0,9.0,-8.0,3.4,-77.0,287.0
2021-06-17T07:57:55.000Z,35.387691632,139.429729841,72.183,0.0,-43.0,-43.0,-2.5,-106.0,9.0,-8.0,1.8,-77.0,287.0
2021-06-17T07:58:03.000Z,35.387691632,139.429729841,72.183,0.106,-43.0,-43.0,-2.5,-106.0,9.0,-8.0,3.2,-72.0,287.0
2021-06-17T07:58:04.000Z,35.387691632,139.429729841,72.183,0.278,-43.0,-43.0,-2.5,-106.0,9.0,-8.0,0.8,-72.0,287.0
2021-06-17T07:58:07.000Z,35.387691632,139.429729841,72.183,0.177,-43.0,-43.0,-2.5,-106.0,9.0,-8.0,2.0,-72.0,287.0
2021-06-17T07:58:15.000Z,35.387680889,139.429721481,72.134,0.177,-43.0,-43.0,-2.5,-106.0,9.0,-13.0,2.8,-77.0,287.0
2021-06-17T07:58:16.000Z,35.387680889,139.429721481,72.134,0.0,-43.0,-43.0,-2.5,-106.0,9.0,-13.0,0.4,-77.0,287.0
2021-06-17T07:58:19.000Z,35.387684272,139.429728639,73.333,0.274,-43.0,-43.0,-2.5,-106.0,9.0,-13.0,1.0,-77.0,287.0
2021-06-17T07:58:27.000Z,35.387684272,139.429728639,73.333,0.0,-43.0,-43.0,-2.5,-106.0,9.0,-13.0,0.8,-77.0,287.0
2021-06-17T07:58:28.000Z,35.387684272,139.429728639,73.333,0.0,-43.0,-43.0,-2.5,-106.0,9.0,-13.0,-1.0,-77.0,287.0
2021-06-17T07:58:31.000Z,35.387684272,139.429728639,73.333,0.0,-43.0,-43.0,-2.5,-106.0,9.0,-13.0,-1.4,-77.0,287.0
2021-06-17T07:58:39.000Z,35.38769219,139.42971312,73.823,0.0,-43.0,-43.0,-2.5,-106.0,9.0,-13.0,2.6,-77.0,287.0
2021-06-17T07:58:40.000Z,35.387688225,139.429720279,74.442,0.268,-43.0,-43.0,-2.5,-106.0,9.0,-13.0,0.8,-77.0,287.0
2021-06-17T07:58:43.000Z,35.387688225,139.429720279,74.442,0.306,-43.0,-43.0,-2.5,-106.0,9.0,-13.0,0.6,-77.0,287.0
2021-06-17T07:58:50.000Z,35.38769162,139.429728639,73.912,0.274,-43.0,-43.0,-2.5,-106.0,9.0,-13.0,2.8,-77.0,287.0
2021-06-17T07:58:51.000Z,35.38769162,139.429728639,73.912,0.0,-43.0,-43.0,-2.5,-106.0,9.0,-13.0,3.2,-77.0,287.0
2021-06-17T07:58:55.000Z,35.387687655,139.429735797,74.531,0.177,-43.0,-43.0,-2.5,-106.0,9.0,-13.0,3.2,-77.0,287.0
2021-06-17T07:59:02.000Z,35.387684261,139.429727437,75.061,0.098,-43.0,-43.0,-2.5,-106.0,9.0,-13.0,2.0,-77.0,287.0
2021-06-17T07:59:03.000Z,35.387684261,139.429727437,75.061,0.268,-43.0,-43.0,-2.5,-106.0,9.0,-13.0,2.8,-77.0,287.0
2021-06-17T07:59:07.000Z,35.387676913,139.429727437,74.482,0.094,-43.0,-43.0,-2.5,-106.0,9.0,-13.0,4.0,-77.0,287.0
2021-06-17T07:59:14.000Z,35.387687655,139.429735797,74.531,0.196,-43.0,-43.0,-2.5,-106.0,9.0,-13.0,3.2,-77.0,287.0
2021-06-17T07:59:15.000Z,35.387680307,139.429735797,73.952,0.369,-43.0,-43.0,-2.5,-106.0,9.0,-13.0,1.6,-77.0,287.0
2021-06-17T07:59:19.000Z,35.387676342,139.429742956,74.571,0.467,-43.0,-43.0,-2.5,-106.0,9.0,-13.0,5.4,-77.0,287.0
2021-06-17T07:59:26.000Z,35.387687655,139.429735797,74.531,0.2,-43.0,-43.0,-2.5,-106.0,9.0,-13.0,5.0,-72.0,287.0
2021-06-17T07:59:27.000Z,35.387680307,139.429735797,73.952,0.306,-43.0,-43.0,-2.5,-106.0,9.0,-13.0,4.8,-72.0,287.0
2021-06-17T07:59:30.000Z,35.387687655,139.429735797,74.531,0.2,-43.0,-43.0,-2.5,-106.0,9.0,-13.0,1.2,-77.0,287.0
2021-06-17T07:59:38.000Z,35.387687655,139.429735797,74.531,0.0,-43.0,-43.0,-2.5,-106.0,9.0,-13.0,4.8,-77.0,81.0
2021-06-17T07:59:39.000Z,35.387687655,139.429735797,74.531,0.0,-43.0,-43.0,-2.5,-106.0,9.0,-13.0,-1.4,-77.0,188.0
2021-06-17T07:59:43.000Z,35.38769105,139.429744158,74.001,0.177,-43.0,-43.0,-2.5,-106.0,9.0,-13.0,-1.6,-77.0,46.0
2021-06-17T07:59:46.000Z,35.387687655,139.429735797,74.531,0.306,-43.0,-43.0,-2.5,-106.0,9.0,-13.0,-1.6,-72.0,46.0
2021-06-17T07:59:54.000Z,35.387695015,139.429737,73.381,0.177,-43.0,-43.0,-2.5,-106.0,9.0,-13.0,0.2,-72.0,46.0
2021-06-17T07:59:55.000Z,35.387695015,139.429737,73.381,0.0,-43.0,-43.0,-2.5,-106.0,9.0,-13.0,-0.2,-72.0,46.0
2021-06-17T07:59:58.000Z,35.387695015,139.429737,73.381,0.0,-43.0,-43.0,-2.5,-106.0,9.0,-13.0,-1.2,-72.0,163.0
2021-06-17T08:00:05.000Z,35.387702363,139.429737,73.961,0.306,-43.0,-43.0,-2.5,-106.0,9.0,-13.0,3.6,-72.0,163.0
2021-06-17T08:00:06.000Z,35.387702363,139.429737,73.961,0.102,-43.0,-43.0,-2.5,-106.0,9.0,-13.0,1.2,-77.0,188.0
2021-06-17T08:00:10.000Z,35.387702363,139.429737,73.961,0.106,-43.0,-43.0,-2.5,-106.0,9.0,-13.0,5.0,-71.0,188.0
2021-06-17T08:00:17.000Z,35.387706327,139.429729841,73.341,0.274,-43.0,-43.0,-2.5,-106.0,9.0,-13.0,4.0,-71.0,188.0
2021-06-17T08:00:18.000Z,35.387702363,139.429737,73.961,0.102,-43.0,-43.0,-2.5,-106.0,9.0,-13.0,-6.6,-76.0,163.0
2021-06-17T08:00:22.000Z,35.387698968,139.429728639,74.491,0.098,-43.0,-43.0,-2.5,-106.0,9.0,-13.0,-2.0,-76.0,163.0
2021-06-17T08:00:29.000Z,35.387698968,139.429728639,74.491,0.098,-43.0,-43.0,-2.5,-106.0,9.0,-13.0,0.0,-76.0,163.0
2021-06-17T08:00:30.000Z,35.387698968,139.429728639,74.491,0.098,-43.0,-43.0,-2.5,-106.0,9.0,-13.0,2.6,-76.0,163.0
2021-06-17T08:00:34.000Z,35.387702933,139.429721481,73.872,0.0,-43.0,-43.0,-2.5,-106.0,9.0,-13.0,0.4,-76.0,163.0
2021-06-17T08:00:41.000Z,35.387699538,139.42971312,74.402,0.0,-43.0,-43.0,-2.5,-106.0,9.0,-13.0,0.6,-76.0,163.0
2021-06-17T08:00:42.000Z,35.387699538,139.42971312,74.402,0.0,-43.0,-43.0,-2.5,-106.0,9.0,-13.0,2.4,-76.0,163.0
2021-06-17T08:00:46.000Z,35.387695573,139.429720279,75.021,0.0,-43.0,-43.0,-2.5,-106.0,9.0,-13.0,-0.2,-76.0,163.0
2021-06-17T08:00:53.000Z,35.387695573,139.429720279,75.021,0.0,-43.0,-43.0,-2.5,-106.0,9.0,-13.0,-0.4,-76.0,163.0
2021-06-17T08:00:54.000Z,35.387695573,139.429720279,75.021,0.0,-43.0,-43.0,-2.5,-106.0,9.0,-13.0,1.6,-76.0,163.0
2021-06-17T08:00:58.000Z,35.387698968,139.429728639,74.491,0.0,-43.0,-43.0,-2.5,-106.0,9.0,-13.0,0.6,-76.0,163.0
2021-06-17T08:01:05.000Z,35.387695573,139.429720279,75.021,0.0,-43.0,-43.0,-2.5,-106.0,9.0,-13.0,1.4,-76.0,163.0
2021-06-17T08:01:06.000Z,35.387698968,139.429728639,74.491,0.176,-43.0,-43.0,-2.5,-106.0,9.0,-13.0,1.8,-76.0,163.0
2021-06-17T08:01:10.000Z,35.387698968,139.429728639,74.491,0.0,-43.0,-43.0,-2.5,-106.0,9.0,-13.0,0.8,-76.0,163.0
2021-06-17T08:01:17.000Z,35.387698968,139.429728639,74.491,0.372,-43.0,-43.0,-2.5,-106.0,9.0,-13.0,1.4,-76.0,163.0
2021-06-17T08:01:18.000Z,35.387698968,139.429728639,74.491,0.176,-43.0,-43.0,-2.5,-106.0,9.0,-13.0,1.0,-76.0,163.0
2021-06-17T08:01:22.000Z,35.387698968,139.429728639,74.491,0.0,-43.0,-43.0,-2.5,-106.0,9.0,-13.0,-1.0,-76.0,163.0
2021-06-17T08:01:29.000Z,35.387691608,139.429727437,75.64,0.177,-43.0,-43.0,-2.5,-106.0,9.0,-13.0,-1.6,-76.0,163.0
2021-06-17T08:01:30.000Z,35.387691608,139.429727437,75.64,0.176,-43.0,-43.0,-2.5,-106.0,9.0,-13.0,-0.8,-76.0,163.0
2021-06-17T08:01:34.000Z,35.387691608,139.429727437,75.64,0.0,-43.0,-43.0,-2.5,-106.0,9.0,-13.0,-0.4,-76.0,163.0
2021-06-17T08:01:41.000Z,35.387691608,139.429727437,75.64,0.0,-43.0,-43.0,-2.5,-106.0,9.0,-13.0,3.2,-76.0,163.0
2021-06-17T08:01:42.000Z,35.387691608,139.429727437,75.64,0.176,-43.0,-43.0,-2.5,-106.0,9.0,-13.0,0.4,-76.0,163.0
2021-06-17T08:01:46.000Z,35.387691608,139.429727437,75.64,0.0,-43.0,-43.0,-2.5,-106.0,9.0,-13.0,1.2,-76.0,163.0
2021-06-17T08:01:53.000Z,35.387691608,139.429727437,75.64,0.0,-43.0,-43.0,-2.5,-106.0,9.0,-13.0,3.0,-76.0,163.0
2021-06-17T08:01:54.000Z,35.387691608,139.429727437,75.64,0.0,-43.0,-43.0,-2.5,-106.0,9.0,-13.0,0.8,-76.0,163.0
2021-06-17T08:01:58.000Z,35.387691608,139.429727437,75.64,0.0,-43.0,-43.0,-2.5,-106.0,9.0,-13.0,1.0,-76.0,163.0
2021-06-17T08:02:01.000Z,35.387691608,139.429727437,75.64,0.0,-43.0,-43.0,-2.5,-106.0,9.0,-13.0,3.2,-76.0,163.0
2021-06-17T08:02:09.000Z,35.387691038,139.429742956,75.729,0.467,-43.0,-43.0,-2.5,-106.0,9.0,-13.0,3.2,-76.0,163.0
2021-06-17T08:02:10.000Z,35.387698386,139.429742956,76.308,0.467,-43.0,-43.0,-2.5,-106.0,9.0,-13.0,0.6,-76.0,163.0
2021-06-17T08:02:13.000Z,35.387708559,139.429766835,76.446,0.468,-43.0,-43.0,-2.5,-106.0,9.0,-13.0,1.0,-76.0,163.0
2021-06-17T08:02:21.000Z,35.387705164,139.429758474,76.977,0.098,-43.0,-43.0,-2.5,-106.0,9.0,-13.0,1.0,-76.0,163.0
2021-06-17T08:02:22.000Z,35.387701199,139.429765633,77.596,0.0,-43.0,-43.0,-2.5,-106.0,9.0,-13.0,-2.6,-76.0,163.0
2021-06-17T08:02:29.000Z,35.387701758,139.429748912,79.235,0.369,-43.0,-43.0,-2.5,-106.0,9.0,-13.0,-0.8,-76.0,163.0
2021-06-17T08:02:30.000Z,35.387701758,139.429748912,79.235,0.176,-43.0,-43.0,-2.5,-106.0,9.0,-13.0,-0.2,-76.0,163.0
2021-06-17T08:02:34.000Z,35.387697793,139.42975607,79.855,0.11,-43.0,-43.0,-2.5,-106.0,9.0,-13.0,-0.8,-76.0,163.0
2021-06-17T08:02:41.000Z,35.387694398,139.42974771,80.385,0.0,-43.0,-43.0,-2.5,-106.0,9.0,-13.0,0.8,-76.0,163.0
2021-06-17T08:02:42.000Z,35.387691004,139.429739349,80.915,0.208,-43.0,-43.0,-2.5,-106.0,9.0,-13.0,-1.6,-76.0,163.0
2021-06-17T08:02:46.000Z,35.387698352,139.429739349,81.494,0.0,-43.0,-43.0,-2.5,-106.0,9.0,-13.0,1.2,-76.0,163.0
2021-06-17T08:02:53.000Z,35.387687039,139.429746507,81.534,0.0,-43.0,-43.0,-2.5,-106.0,9.0,-13.0,-1.8,-76.0,163.0
2021-06-17T08:02:54.000Z,35.387687039,139.429746507,81.534,0.177,-43.0,-43.0,-2.5,-106.0,9.0,-13.0,1.0,-76.0,163.0
2021-06-17T08:02:58.000Z,35.387687039,139.429746507,81.534,0.0,-43.0,-43.0,-2.5,-106.0,9.0,-13.0,-2.8,-76.0,163.0
2021-06-17T08:03:05.000Z,35.387694387,139.429746507,82.114,0.177,-43.0,-43.0,-2.5,-106.0,9.0,-13.0,0.6,-76.0,163.0
2021-06-17T08:03:06.000Z,35.387694387,139.429746507,82.114,0.265,-43.0,-43.0,-2.5,-106.0,9.0,-13.0,-1.4,-76.0,163.0
2021-06-17T08:03:10.000Z,35.387694387,139.429746507,82.114,0.267,-43.0,-43.0,-2.5,-106.0,9.0,-13.0,-1.0,-76.0,163.0
2021-06-17T08:03:17.000Z,35.387690992,139.429738147,82.644,0.0,-43.0,-43.0,-2.5,-106.0,9.0,-13.0,-2.0,-76.0,163.0
2021-06-17T08:03:18.000Z,35.387690992,139.429738147,82.644,0.102,-43.0,-43.0,-2.5,-106.0,9.0,-13.0,-0.6,-76.0,163.0
2021-06-17T08:03:22.000Z,35.387690992,139.429738147,82.644,0.0,-43.0,-43.0,-2.5,-106.0,9.0,-13.0,-2.6,-76.0,163.0
2021-06-17T08:03:29.000Z,35.387694945,139.429729786,83.753,0.415,-43.0,-43.0,-2.5,-106.0,9.0,-13.0,-1.4,-76.0,163.0
2021-06-17T08:03:30.000Z,35.387694945,139.429729786,83.753,0.0,-43.0,-43.0,-2.5,-106.0,9.0,-13.0,-2.6,-81.0,163.0
2021-06-17T08:03:34.000Z,35.387694945,139.429729786,83.753,0.0,-43.0,-43.0,-2.5,-106.0,9.0,-13.0,1.8,-81.0,163.0
2021-06-17T08:03:41.000Z,35.387694945,139.429729786,83.753,0.094,-43.0,-43.0,-2.5,-106.0,9.0,-13.0,1.8,-81.0,163.0
2021-06-17T08:03:42.000Z,35.387694945,139.429729786,83.753,0.163,-43.0,-43.0,-2.5,-106.0,9.0,-13.0,1.6,-81.0,163.0
2021-06-17T08:03:46.000Z,35.387694945,139.429729786,83.753,0.0,-43.0,-43.0,-2.5,-106.0,9.0,-13.0,0.0,-76.0,163.0
2021-06-17T08:03:53.000Z,35.387694945,139.429729786,83.753,0.0,-43.0,-43.0,-2.5,-106.0,9.0,-13.0,6.6,-76.0,163.0
2021-06-17T08:03:54.000Z,35.387694945,139.429729786,83.753,0.0,-43.0,-43.0,-2.5,-106.0,9.0,-13.0,6.6,-76.0,163.0
2021-06-17T08:03:58.000Z,35.387687586,139.429728584,84.903,0.0,-43.0,-43.0,-2.5,-106.0,9.0,-13.0,6.4,-76.0,163.0
2021-06-17T08:04:05.000Z,35.387698329,139.429736945,84.951,0.446,-43.0,-43.0,-2.5,-106.0,9.0,-13.0,5.4,-76.0,163.0
2021-06-17T08:04:06.000Z,35.387698329,139.429736945,84.951,0.274,-43.0,-43.0,-2.5,-106.0,9.0,-13.0,7.4,-76.0,163.0
2021-06-17T08:04:10.000Z,35.387694934,139.429728584,85.482,0.177,-43.0,-43.0,-2.5,-106.0,9.0,-13.0,7.8,-76.0,163.0
2021-06-17T08:04:17.000Z,35.387694934,139.429728584,85.482,0.0,-43.0,-43.0,-2.5,-106.0,9.0,-13.0,6.0,-76.0,163.0
2021-06-17T08:04:18.000Z,35.387694934,139.429728584,85.482,0.0,-43.0,-43.0,-2.5,-106.0,9.0,-13.0,6.4,-76.0,163.0
2021-06-17T08:04:27.000Z,35.387694934,139.429728584,85.482,0.0,-43.0,-43.0,-2.5,-106.0,9.0,-13.0,0.8,-76.0,163.0
2021-06-17T08:04:28.000Z,35.387702282,139.429728584,86.061,0.467,-43.0,-43.0,-2.5,-106.0,9.0,-13.0,0.2,-76.0,163.0
2021-06-17T08:04:31.000Z,35.387702282,139.429728584,86.061,0.0,-43.0,-43.0,-2.5,-106.0,9.0,-13.0,7.0,-76.0,163.0
2021-06-17T08:04:39.000Z,35.38770963,139.429728584,86.64,0.177,-43.0,-43.0,-2.5,-106.0,9.0,-13.0,8.2,-76.0,163.0
2021-06-17T08:04:40.000Z,35.38770963,139.429728584,86.64,0.371,-43.0,-43.0,-2.5,-106.0,9.0,-13.0,2.0,-76.0,163.0
2021-06-17T08:04:43.000Z,35.387720942,139.429721426,86.6,0.0,-43.0,-43.0,-2.5,-106.0,9.0,-13.0,6.8,-76.0,163.0
2021-06-17T08:04:51.000Z,35.387720942,139.429721426,86.6,0.0,-43.0,-43.0,-2.5,-106.0,9.0,-13.0,7.8,-76.0,163.0
2021-06-17T08:04:52.000Z,35.387720942,139.429721426,86.6,0.0,-43.0,-43.0,-2.5,-106.0,9.0,-13.0,7.2,-76.0,163.0
2021-06-17T08:04:59.000Z,35.387720942,139.429721426,86.6,0.0,-43.0,-43.0,-2.5,-106.0,9.0,-13.0,5.6,-76.0,163.0
2021-06-17T08:05:00.000Z,35.387720942,139.429721426,86.6,0.0,-43.0,-43.0,-2.5,-106.0,9.0,-13.0,7.0,-76.0,163.0
2021-06-17T08:05:04.000Z,35.387720942,139.429721426,86.6,0.0,-43.0,-43.0,-2.5,-106.0,9.0,-13.0,6.8,-76.0,163.0
2021-06-17T08:05:11.000Z,35.38772829,139.429721426,87.179,0.306,-43.0,-43.0,-2.5,-106.0,9.0,-13.0,5.4,-76.0,163.0
2021-06-17T08:05:12.000Z,35.387739033,139.429729786,87.228,0.612,-43.0,-43.0,-2.5,-106.0,9.0,-13.0,5.4,-76.0,163.0
2021-06-17T08:05:16.000Z,35.387787109,139.429725033,86.626,1.327,-43.0,-43.0,-2.5,-106.0,9.0,-13.0,8.4,-76.0,163.0
2021-06-17T08:05:23.000Z,35.387794456,139.429725033,87.205,0.0,-43.0,-43.0,-2.5,-106.0,9.0,-13.0,7.2,-76.0,163.0
2021-06-17T08:05:24.000Z,35.387794456,139.429725033,87.205,0.177,-43.0,-43.0,-2.5,-106.0,9.0,-13.0,6.2,-76.0,163.0
2021-06-17T08:05:28.000Z,35.387794456,139.429725033,87.205,0.176,-43.0,-43.0,-2.5,-106.0,9.0,-13.0,6.4,-76.0,163.0
2021-06-17T08:05:35.000Z,35.387794456,139.429725033,87.205,0.177,-43.0,-43.0,-2.5,-106.0,9.0,-13.0,2.6,-76.0,163.0
2021-06-17T08:05:36.000Z,35.387794456,139.429725033,87.205,0.177,-43.0,-43.0,-2.5,-106.0,9.0,-13.0,-1.2,-76.0,163.0
2021-06-17T08:05:40.000Z,35.387794456,139.429725033,87.205,0.177,-43.0,-43.0,-2.5,-106.0,9.0,-13.0,3.0,-76.0,163.0
2021-06-17T08:05:47.000Z,35.387801804,139.429725033,87.784,0.0,-43.0,-43.0,-2.5,-106.0,9.0,-13.0,0.8,-76.0,163.0
2021-06-17T08:05:48.000Z,35.387801804,139.429725033,87.784,0.0,-43.0,-43.0,-2.5,-106.0,9.0,-13.0,-1.0,-76.0,163.0
2021-06-17T08:05:52.000Z,35.387790492,139.429732191,87.824,0.0,-43.0,-43.0,-2.5,-106.0,9.0,-13.0,-1.4,-76.0,163.0
2021-06-17T08:05:59.000Z,35.387775773,139.429729786,90.123,0.404,-43.0,-43.0,-2.5,-106.0,9.0,-13.0,1.2,-76.0,163.0
2021-06-17T08:06:00.000Z,35.387783121,139.429729786,90.702,0.408,-43.0,-43.0,-2.5,-106.0,9.0,-13.0,1.6,-76.0,163.0
2021-06-17T08:06:04.000Z,35.387779726,139.429721426,91.233,0.539,-43.0,-43.0,-2.5,-106.0,9.0,-13.0,-1.0,-76.0,163.0
2021-06-17T08:06:11.000Z,35.387779726,139.429721426,91.233,0.196,-43.0,-43.0,-2.5,-106.0,9.0,-13.0,-4.6,-76.0,163.0
2021-06-17T08:06:12.000Z,35.387779726,139.429721426,91.233,0.268,-43.0,-43.0,-2.5,-106.0,9.0,-13.0,-0.2,-76.0,163.0
2021-06-17T08:06:16.000Z,35.387765018,139.429720224,91.803,0.267,-43.0,-43.0,-2.5,-106.0,9.0,-13.0,-1.0,-76.0,163.0
2021-06-17T08:06:23.000Z,35.387772378,139.429721426,90.654,0.0,-43.0,-43.0,-2.5,-106.0,9.0,-13.0,-3.8,-76.0,163.0
2021-06-17T08:06:24.000Z,35.387772378,139.429721426,90.654,0.0,-43.0,-43.0,-2.5,-106.0,9.0,-13.0,-2.6,-76.0,163.0
2021-06-17T08:06:28.000Z,35.387761054,139.429727382,92.422,0.102,-43.0,-43.0,-2.5,-106.0,9.0,-13.0,-0.6,-76.0,163.0
2021-06-17T08:06:35.000Z,35.387761054,139.429727382,92.422,0.177,-43.0,-43.0,-2.5,-106.0,9.0,-13.0,-4.4,-76.0,163.0
2021-06-17T08:06:36.000Z,35.387765018,139.429720224,91.803,0.176,-43.0,-43.0,-2.5,-106.0,9.0,-13.0,-4.0,-76.0,163.0
2021-06-17T08:06:40.000Z,35.387765018,139.429720224,91.803,0.271,-43.0,-43.0,-2.5,-106.0,9.0,-13.0,-0.6,-76.0,163.0
2021-06-17T08:06:47.000Z,35.387765018,139.429720224,91.803,0.0,-43.0,-43.0,-2.5,-106.0,9.0,-13.0,1.0,-76.0,163.0
2021-06-17T08:06:48.000Z,35.387765018,139.429720224,91.803,0.0,-43.0,-43.0,-2.5,-106.0,9.0,-13.0,0.6,-76.0,163.0
2021-06-17T08:06:52.000Z,35.387772366,139.429720224,92.382,0.622,-43.0,-43.0,-2.5,-106.0,9.0,-13.0,-0.2,-76.0,163.0
2021-06-17T08:06:59.000Z,35.387791027,139.429713066,92.921,0.177,-43.0,-43.0,-2.5,-106.0,9.0,-13.0,-0.2,-76.0,163.0
2021-06-17T08:07:00.000Z,35.387791027,139.429713066,92.921,0.273,-43.0,-43.0,-2.5,-106.0,9.0,-13.0,2.4,-76.0,163.0
2021-06-17T08:07:04.000Z,35.387791027,139.429713066,92.921,0.0,-43.0,-43.0,-2.5,-106.0,9.0,-13.0,1.8,-76.0,163.0
2021-06-17T08:07:11.000Z,35.387787062,139.429720224,93.54,0.0,-43.0,-43.0,-2.5,-106.0,9.0,-13.0,3.0,-76.0,163.0
2021-06-17T08:07:12.000Z,35.387787062,139.429720224,93.54,0.0,-43.0,-43.0,-2.5,-106.0,9.0,-13.0,-1.2,-76.0,163.0
2021-06-17T08:07:16.000Z,35.387754253,139.429709459,95.211,0.0,-43.0,-43.0,-2.5,-106.0,9.0,-13.0,0.2,-76.0,163.0
2021-06-17T08:07:23.000Z,35.387761612,139.429710661,94.062,0.306,-43.0,-43.0,-2.5,-106.0,9.0,-13.0,2.8,-76.0,163.0
2021-06-17T08:07:24.000Z,35.387761612,139.429710661,94.062,0.353,-43.0,-43.0,-2.5,-106.0,9.0,-13.0,-0.2,-76.0,163.0
2021-06-17T08:07:28.000Z,35.387761612,139.429710661,94.062,0.0,-43.0,-43.0,-2.5,-106.0,9.0,-13.0,-0.2,-76.0,163.0
2021-06-17T08:07:35.000Z,35.387761612,139.429710661,94.062,0.177,-43.0,-43.0,-2.5,-106.0,9.0,-13.0,-0.6,-76.0,163.0
2021-06-17T08:07:36.000Z,35.387761612,139.429710661,94.062,0.102,-43.0,-43.0,-2.5,-106.0,9.0,-13.0,2.0,-76.0,163.0
2021-06-17T08:07:40.000Z,35.387761612,139.429710661,94.062,0.0,-43.0,-43.0,-2.5,-106.0,9.0,-13.0,0.8,-76.0,163.0
2021-06-17T08:07:47.000Z,35.387765007,139.429719022,93.532,0.0,-43.0,-43.0,-2.5,-106.0,9.0,-13.0,2.2,-76.0,163.0
2021-06-17T08:07:48.000Z,35.387765007,139.429719022,93.532,0.0,-43.0,-43.0,-2.5,-106.0,9.0,-13.0,2.4,-76.0,163.0
2021-06-17T08:07:52.000Z,35.387757647,139.429717819,94.681,0.0,-43.0,-43.0,-2.5,-106.0,9.0,-13.0,0.0,-76.0,163.0
2021-06-17T08:07:59.000Z,35.387761612,139.429710661,94.062,0.177,-43.0,-43.0,-2.5,-106.0,9.0,-13.0,-0.2,-76.0,163.0
2021-06-17T08:08:00.000Z,35.38776896,139.429710661,94.641,0.102,-43.0,-43.0,-2.5,-106.0,9.0,-13.0,-2.0,-76.0,163.0
2021-06-17T08:08:04.000Z,35.387779703,139.429719022,94.69,1.035,-43.0,-43.0,-2.5,-106.0,9.0,-13.0,-0.4,-76.0,163.0
2021-06-17T08:08:11.000Z,35.387831161,139.429721426,95.286,0.353,-43.0,-43.0,-2.5,-106.0,9.0,-13.0,-2.6,-76.0,163.0
2021-06-17T08:08:12.000Z,35.387831161,139.429721426,95.286,0.0,-43.0,-43.0,-2.5,-106.0,9.0,-13.0,0.4,-76.0,163.0
2021-06-17T08:08:16.000Z,35.387812489,139.429727382,96.476,0.0,-43.0,-43.0,-2.5,-106.0,9.0,-13.0,-2.0,-76.0,163.0
2021-06-17T08:08:23.000Z,35.387812489,139.429727382,96.476,0.0,-43.0,-43.0,-2.5,-106.0,9.0,-13.0,-2.2,-76.0,163.0
2021-06-17T08:08:24.000Z,35.387812489,139.429727382,96.476,0.0,-43.0,-43.0,-2.5,-106.0,9.0,-13.0,0.4,-76.0,163.0
2021-06-17T08:08:28.000Z,35.387812489,139.429727382,96.476,0.306,-43.0,-43.0,-2.5,-106.0,9.0,-13.0,-0.8,-76.0,163.0
2021-06-17T08:08:35.000Z,35.387812489,139.429727382,96.476,0.177,-43.0,-43.0,-2.5,-106.0,9.0,-13.0,-1.0,-76.0,163.0
2021-06-17T08:08:36.000Z,35.387819837,139.429727382,97.055,0.271,-43.0,-43.0,-2.5,-106.0,9.0,-13.0,-2.6,-76.0,163.0
2021-06-17T08:08:40.000Z,35.387823232,139.429735743,96.525,0.306,-43.0,-43.0,-2.5,-106.0,9.0,-13.0,-2.0,-76.0,163.0
2021-06-17T08:08:47.000Z,35.387827185,139.429727382,97.634,0.306,-43.0,-43.0,-2.5,-106.0,9.0,-13.0,1.0,-76.0,163.0
2021-06-17T08:08:48.000Z,35.387819837,139.429727382,97.055,0.306,-43.0,-43.0,-2.5,-106.0,9.0,-13.0,0.6,-76.0,163.0
2021-06-17T08:08:52.000Z,35.387793817,139.429733338,97.666,0.0,-43.0,-43.0,-2.5,-106.0,9.0,-13.0,-3.8,-76.0,163.0
2021-06-17T08:08:59.000Z,35.387778539,139.429747655,98.325,0.0,-43.0,-43.0,-2.5,-106.0,9.0,-13.0,-1.8,-76.0,163.0
2021-06-17T08:09:00.000Z,35.387779109,139.429732136,98.236,0.0,-43.0,-43.0,-2.5,-106.0,9.0,-13.0,-2.4,-76.0,163.0
2021-06-17T08:09:04.000Z,35.387753089,139.429738092,98.847,0.177,-43.0,-43.0,-2.5,-106.0,9.0,-13.0,0.4,-76.0,163.0
2021-06-17T08:09:11.000Z,35.38774573,139.42973689,99.996,0.0,-43.0,-43.0,-2.5,-106.0,9.0,-13.0,-2.4,-76.0,163.0
2021-06-17T08:09:12.000Z,35.38774573,139.42973689,99.996,0.177,-43.0,-43.0,-2.5,-106.0,9.0,-13.0,-1.2,-76.0,163.0
2021-06-17T08:09:16.000Z,35.387741765,139.429744048,100.615,0.204,-43.0,-43.0,-2.5,-106.0,9.0,-13.0,0.6,-76.0,163.0
2021-06-17T08:09:23.000Z,35.38774573,139.42973689,99.996,0.177,-43.0,-43.0,-2.5,-106.0,9.0,-13.0,0.0,-76.0,163.0
2021-06-17T08:09:24.000Z,35.38774573,139.42973689,99.996,0.0,-43.0,-43.0,-2.5,-106.0,9.0,-13.0,-1.6,-76.0,163.0
2021-06-17T08:09:28.000Z,35.38774573,139.42973689,99.996,0.177,-43.0,-43.0,-2.5,-106.0,9.0,-13.0,-0.8,-76.0,163.0
2021-06-17T08:09:35.000Z,35.38774573,139.42973689,99.996,0.271,-43.0,-43.0,-2.5,-106.0,9.0,-13.0,0.6,-76.0,163.0
2021-06-17T08:09:36.000Z,35.38774573,139.42973689,99.996,0.0,-43.0,-43.0,-2.5,-106.0,9.0,-13.0,-0.6,-76.0,163.0
2021-06-17T08:09:40.000Z,35.387741765,139.429744048,100.615,0.0,-43.0,-43.0,-2.5,-106.0,9.0,-13.0,-1.4,-76.0,163.0
2021-06-17T08:09:47.000Z,35.387741765,139.429744048,100.615,0.0,-43.0,-43.0,-2.5,-106.0,9.0,-13.0,0.0,-76.0,163.0
2021-06-17T08:09:48.000Z,35.387741765,139.429744048,100.615,0.0,-43.0,-43.0,-2.5,-106.0,9.0,-13.0,0.0,-76.0,163.0
2021-06-17T08:09:52.000Z,35.387741765,139.429744048,100.615,0.0,-43.0,-43.0,-2.5,-106.0,9.0,-13.0,-0.2,-76.0,163.0
2021-06-17T08:09:59.000Z,35.387753078,139.42973689,100.575,0.0,-43.0,-43.0,-2.5,-106.0,9.0,-13.0,-1.2,-76.0,163.0
2021-06-17T08:10:00.000Z,35.387749113,139.429744048,101.195,0.306,-43.0,-43.0,-2.5,-106.0,9.0,-13.0,0.4,-76.0,163.0
2021-06-17T08:10:04.000Z,35.387749113,139.429744048,101.195,0.177,-43.0,-43.0,-2.5,-106.0,9.0,-13.0,0.0,-76.0,163.0
2021-06-17T08:10:11.000Z,35.387749113,139.429744048,101.195,0.0,-43.0,-43.0,-2.5,-106.0,9.0,-13.0,1.6,-76.0,163.0
2021-06-17T08:10:12.000Z,35.387756461,139.429744048,101.774,0.408,-43.0,-43.0,-2.5,-106.0,9.0,-13.0,-1.4,-76.0,163.0
2021-06-17T08:10:16.000Z,35.387753066,139.429735688,102.304,0.0,-43.0,-43.0,-2.5,-106.0,9.0,-13.0,0.4,-76.0,163.0
2021-06-17T08:10:23.000Z,35.387757031,139.429728529,101.685,0.353,-43.0,-43.0,-2.5,-106.0,9.0,-13.0,1.2,-76.0,163.0
2021-06-17T08:10:24.000Z,35.387753066,139.429735688,102.304,0.353,-43.0,-43.0,-2.5,-106.0,9.0,-13.0,-0.2,-76.0,163.0
2021-06-17T08:10:28.000Z,35.387753066,139.429735688,102.304,0.0,-43.0,-43.0,-2.5,-106.0,9.0,-13.0,-1.8,-76.0,163.0
2021-06-17T08:10:35.000Z,35.387757031,139.429728529,101.685,0.106,-43.0,-43.0,-2.5,-106.0,9.0,-13.0,1.0,-76.0,163.0
2021-06-17T08:10:36.000Z,35.387757031,139.429728529,101.685,0.353,-43.0,-43.0,-2.5,-106.0,9.0,-13.0,-0.4,-76.0,163.0
2021-06-17T08:10:40.000Z,35.387753636,139.429720169,102.215,0.098,-43.0,-43.0,-2.5,-106.0,9.0,-13.0,-1.8,-76.0,163.0
2021-06-17T08:10:47.000Z,35.387757031,139.429728529,101.685,0.177,-43.0,-43.0,-2.5,-106.0,9.0,-13.0,-0.4,-76.0,163.0
2021-06-17T08:10:48.000Z,35.387757031,139.429728529,101.685,0.273,-43.0,-43.0,-2.5,-106.0,9.0,-13.0,-0.8,-76.0,163.0
2021-06-17T08:10:52.000Z,35.387757031,139.429728529,101.685,0.0,-43.0,-43.0,-2.5,-106.0,9.0,-13.0,-4.0,-76.0,163.0
2021-06-17T08:10:59.000Z,35.387757031,139.429728529,101.685,0.106,-43.0,-43.0,-2.5,-106.0,9.0,-13.0,-1.2,-76.0,163.0
2021-06-17T08:11:00.000Z,35.387757031,139.429728529,101.685,0.369,-43.0,-43.0,-2.5,-106.0,9.0,-13.0,0.2,-76.0,163.0
2021-06-17T08:11:04.000Z,35.387757031,139.429728529,101.685,0.0,-43.0,-43.0,-2.5,-106.0,9.0,-13.0,-0.4,-76.0,163.0
2021-06-17T08:11:11.000Z,35.387757031,139.429728529,101.685,0.0,-43.0,-43.0,-2.5,-106.0,9.0,-13.0,-2.4,-76.0,163.0
2021-06-17T08:11:12.000Z,35.387764379,139.429728529,102.264,0.268,-43.0,-43.0,-2.5,-106.0,9.0,-13.0,-2.2,-76.0,163.0
2021-06-17T08:11:16.000Z,35.387768344,139.429721371,101.644,0.176,-43.0,-43.0,-2.5,-106.0,9.0,-13.0,1.0,-76.0,163.0
2021-06-17T08:11:23.000Z,35.387768344,139.429721371,101.644,0.0,-43.0,-43.0,-2.5,-106.0,9.0,-13.0,-1.4,-76.0,163.0
2021-06-17T08:11:24.000Z,35.387768344,139.429721371,101.644,0.306,-43.0,-43.0,-2.5,-106.0,9.0,-13.0,-1.0,-76.0,163.0
2021-06-17T08:11:28.000Z,35.387768344,139.429721371,101.644,0.0,-43.0,-43.0,-2.5,-106.0,9.0,-13.0,-0.2,-76.0,163.0
2021-06-17T08:11:35.000Z,35.387768344,139.429721371,101.644,0.371,-43.0,-43.0,-2.5,-106.0,9.0,-13.0,0.6,-76.0,163.0
2021-06-17T08:11:36.000Z,35.387768344,139.429721371,101.644,0.0,-43.0,-43.0,-2.5,-106.0,9.0,-13.0,0.6,-76.0,163.0
2021-06-17T08:11:40.000Z,35.387779086,139.429729732,101.693,0.0,-43.0,-43.0,-2.5,-106.0,9.0,-13.0,-2.8,-76.0,163.0
2021-06-17T08:11:47.000Z,35.387779086,139.429729732,101.693,0.0,-43.0,-43.0,-2.5,-106.0,9.0,-13.0,-0.4,-76.0,163.0
2021-06-17T08:11:48.000Z,35.387779086,139.429729732,101.693,0.0,-43.0,-43.0,-2.5,-106.0,9.0,-13.0,1.4,-76.0,163.0
2021-06-17T08:11:52.000Z,35.387768344,139.429721371,101.644,0.0,-43.0,-43.0,-2.5,-106.0,9.0,-13.0,2.2,-76.0,163.0
2021-06-17T08:11:59.000Z,35.387753636,139.429720169,102.215,0.0,-43.0,-43.0,-2.5,-106.0,9.0,-13.0,0.2,-76.0,163.0
2021-06-17T08:12:00.000Z,35.387753636,139.429720169,102.215,0.0,-43.0,-43.0,-2.5,-106.0,9.0,-13.0,-1.8,-76.0,163.0
2021-06-17T08:12:04.000Z,35.387753636,139.429720169,102.215,0.0,-43.0,-43.0,-2.5,-106.0,9.0,-13.0,0.6,-76.0,163.0
2021-06-17T08:12:11.000Z,35.387753636,139.429720169,102.215,0.0,-43.0,-43.0,-2.5,-106.0,9.0,-13.0,0.4,-76.0,163.0
2021-06-17T08:12:12.000Z,35.387753636,139.429720169,102.215,0.0,-43.0,-43.0,-2.5,-106.0,9.0,-13.0,-1.8,-76.0,163.0
2021-06-17T08:12:16.000Z,35.387753636,139.429720169,102.215,0.0,-43.0,-43.0,-2.5,-106.0,9.0,-13.0,-0.8,-76.0,163.0
2021-06-17T08:12:23.000Z,35.387753636,139.429720169,102.215,0.177,-43.0,-43.0,-2.5,-106.0,9.0,-13.0,-4.0,-76.0,163.0
2021-06-17T08:12:24.000Z,35.387764949,139.429713011,102.175,0.409,-43.0,-43.0,-2.5,-106.0,9.0,-13.0,-0.4,-76.0,163.0
2021-06-17T08:12:28.000Z,35.387749672,139.429727327,102.834,0.177,-43.0,-43.0,-2.5,-106.0,9.0,-13.0,-1.4,-76.0,163.0
2021-06-17T08:12:35.000Z,35.387749672,139.429727327,102.834,0.0,-43.0,-43.0,-2.5,-106.0,9.0,-13.0,-0.8,-76.0,163.0
2021-06-17T08:12:36.000Z,35.387749672,139.429727327,102.834,0.0,-43.0,-43.0,-2.5,-106.0,9.0,-13.0,-1.6,-76.0,163.0
2021-06-17T08:12:40.000Z,35.387749672,139.429727327,102.834,0.0,-43.0,-43.0,-2.5,-106.0,9.0,-13.0,-1.4,-76.0,163.0
2021-06-17T08:12:47.000Z,35.387749672,139.429727327,102.834,0.278,-43.0,-43.0,-2.5,-106.0,9.0,-13.0,-3.0,-76.0,163.0
2021-06-17T08:12:48.000Z,35.387749672,139.429727327,102.834,0.353,-43.0,-43.0,-2.5,-106.0,9.0,-13.0,-1.6,-76.0,163.0
2021-06-17T08:12:52.000Z,35.387742324,139.429727327,102.255,0.0,-43.0,-43.0,-2.5,-106.0,9.0,-13.0,-3.4,-76.0,163.0
2021-06-17T08:12:59.000Z,35.387742324,139.429727327,102.255,0.0,-43.0,-43.0,-2.5,-106.0,9.0,-13.0,-0.6,-76.0,163.0
2021-06-17T08:13:00.000Z,35.387742324,139.429727327,102.255,0.0,-43.0,-43.0,-2.5,-106.0,9.0,-13.0,-4.0,-76.0,163.0
2021-06-17T08:13:04.000Z,35.387745718,139.429735688,101.725,0.0,-43.0,-43.0,-2.5,-106.0,9.0,-13.0,-1.6,-76.0,163.0
2021-06-17T08:13:11.000Z,35.387742324,139.429727327,102.255,0.353,-43.0,-43.0,-2.5,-106.0,9.0,-13.0,-1.0,-76.0,163.0
2021-06-17T08:13:12.000Z,35.387742324,139.429727327,102.255,0.208,-43.0,-43.0,-2.5,-106.0,9.0,-13.0,-1.2,-76.0,163.0
2021-06-17T08:13:16.000Z,35.387742324,139.429727327,102.255,0.177,-43.0,-43.0,-2.5,-106.0,9.0,-13.0,0.2,-76.0,163.0
2021-06-17T08:13:23.000Z,35.387742324,139.429727327,102.255,0.177,-43.0,-43.0,-2.5,-106.0,9.0,-13.0,-1.2,-76.0,163.0
2021-06-17T08:13:24.000Z,35.387742324,139.429727327,102.255,0.0,-43.0,-43.0,-2.5,-106.0,9.0,-13.0,-3.8,-76.0,163.0
2021-06-17T08:13:28.000Z,35.387742324,139.429727327,102.255,0.0,-43.0,-43.0,-2.5,-106.0,9.0,-13.0,-1.2,-76.0,163.0
2021-06-17T08:13:35.000Z,35.387742324,139.429727327,102.255,0.0,-43.0,-43.0,-2.5,-106.0,9.0,-13.0,-1.0,-76.0,163.0
2021-06-17T08:13:36.000Z,35.387742324,139.429727327,102.255,0.0,-43.0,-43.0,-2.5,-106.0,9.0,-13.0,-1.0,-76.0,163.0
2021-06-17T08:13:40.000Z,35.387738359,139.429734485,102.874,0.265,-43.0,-43.0,-2.5,-106.0,9.0,-13.0,-1.0,-76.0,163.0
2021-06-17T08:13:47.000Z,35.387749672,139.429727327,102.834,0.176,-43.0,-43.0,-2.5,-106.0,9.0,-13.0,-1.8,-76.0,163.0
2021-06-17T08:13:48.000Z,35.387749672,139.429727327,102.834,0.177,-43.0,-43.0,-2.5,-106.0,9.0,-13.0,-1.0,-76.0,163.0
2021-06-17T08:13:52.000Z,35.387742324,139.429727327,102.255,0.665,-43.0,-43.0,-2.5,-106.0,9.0,-13.0,-2.2,-76.0,163.0
2021-06-17T08:13:59.000Z,35.387645105,139.429671208,96.718,1.683,-43.0,-43.0,-2.5,-106.0,9.0,-13.0,-0.6,-76.0,163.0
2021-06-17T08:14:00.000Z,35.387630409,139.429671208,95.56,1.432,-43.0,-43.0,-2.5,-106.0,9.0,-13.0,1.4,-76.0,163.0
2021-06-17T08:14:04.000Z,35.387653662,139.429647384,86.748,0.973,-43.0,-43.0,-2.5,-106.0,9.0,-13.0,0.8,-76.0,163.0
2021-06-17T08:14:11.000Z,35.387656602,139.429683285,69.02,0.595,-43.0,-43.0,-2.5,-106.0,9.0,-13.0,9.0,-68.0,163.0
2021-06-17T08:14:12.000Z,35.387649266,139.429684487,66.713,0.46,-49.0,-49.0,-2.5,-106.0,9.0,-8.0,6.4,-75.0,163.0
2021-06-17T08:14:16.000Z,35.387646499,139.429666619,58.511,0.149,-49.0,-49.0,-2.5,-106.0,9.0,-8.0,12.0,-82.0,163.0
2021-06-17T08:14:23.000Z,35.387631314,139.429690553,45.342,0.397,-49.0,-49.0,-2.5,-106.0,9.0,-8.0,13.6,-75.0,163.0
2021-06-17T08:14:24.000Z,35.38762736,139.429698914,44.232,0.377,-49.0,-49.0,-2.5,-106.0,9.0,-8.0,15.4,-75.0,163.0
2021-06-17T08:14:28.000Z,35.387605328,139.429700116,40.766,0.468,-49.0,-49.0,-2.5,-106.0,9.0,-8.0,15.6,-75.0,163.0
2021-06-17T08:14:35.000Z,35.387583272,139.429698914,40.758,0.415,-49.0,-49.0,-2.5,-106.0,9.0,-8.0,17.6,-75.0,163.0
2021-06-17T08:14:36.000Z,35.387586667,139.429707274,40.227,0.376,-49.0,-49.0,-2.5,-106.0,9.0,-8.0,17.2,-75.0,163.0
2021-06-17T08:14:40.000Z,35.387608722,139.429708476,40.236,0.353,-49.0,-49.0,-2.5,-106.0,9.0,-8.0,16.4,-75.0,163.0
2021-06-17T08:14:47.000Z,35.387600804,139.429723995,39.746,0.353,-49.0,-49.0,-2.5,-106.0,9.0,-8.0,14.8,-75.0,163.0
2021-06-17T08:14:48.000Z,35.387593445,139.429722793,40.895,0.268,-49.0,-49.0,-2.5,-106.0,9.0,-8.0,15.8,-75.0,163.0
2021-06-17T08:14:52.000Z,35.38759684,139.429731154,40.365,0.177,-49.0,-49.0,-2.5,-106.0,9.0,-8.0,17.8,-75.0,163.0
2021-06-17T08:14:59.000Z,35.38761493,139.429739514,40.993,0.177,-49.0,-49.0,-2.5,-106.0,9.0,-8.0,17.0,-75.0,163.0
2021-06-17T08:15:00.000Z,35.387629638,139.429740716,40.423,0.098,-49.0,-49.0,-2.5,-106.0,9.0,-8.0,17.0,-75.0,163.0
2021-06-17T08:15:04.000Z,35.387658471,139.429757437,41.1,0.0,-49.0,-49.0,-2.5,-106.0,9.0,-8.0,15.4,-75.0,163.0
2021-06-17T08:15:11.000Z,35.387669784,139.429750279,41.06,0.176,-49.0,-49.0,-2.5,-106.0,9.0,-8.0,16.4,-75.0,163.0
2021-06-17T08:15:12.000Z,35.387681097,139.429743121,41.019,0.098,-49.0,-49.0,-2.5,-106.0,9.0,-8.0,16.4,-75.0,163.0
2021-06-17T08:15:16.000Z,35.387703152,139.429744323,41.028,0.274,-49.0,-49.0,-2.5,-106.0,9.0,-8.0,14.2,-75.0,163.0
2021-06-17T08:15:23.000Z,35.387714465,139.429737165,40.988,0.0,-48.0,-48.0,-2.5,-106.0,9.0,-8.0,17.0,-80.0,163.0
2021-06-17T08:15:24.000Z,35.387714465,139.429737165,40.988,0.0,-48.0,-48.0,-2.5,-106.0,9.0,-8.0,16.4,-80.0,163.0
2021-06-17T08:15:28.000Z,35.387699758,139.429735962,41.558,0.0,-48.0,-48.0,-2.5,-106.0,9.0,-8.0,16.6,-80.0,163.0
