time,lat,lon,alt,speed,Current,RSSI,ECIO,IO,SINR,RSRQ,SNR,RSRP
n/a,n/a,n/a,n/a,n/a,-65.0,-65.0,-2.5,-106.0,9.0,-8.0,17.2,-91.0
n/a,n/a,n/a,n/a,n/a,-65.0,-65.0,-2.5,-106.0,9.0,-8.0,17.2,-91.0
n/a,n/a,n/a,n/a,n/a,-65.0,-65.0,-2.5,-106.0,9.0,-8.0,17.4,-91.0
n/a,n/a,n/a,n/a,n/a,-65.0,-65.0,-2.5,-106.0,9.0,-8.0,18.4,-91.0
2021-06-11T08:50:17.000Z,35.388851477,139.425721511,56.805,0.0,-65.0,-65.0,-2.5,-106.0,9.0,-8.0,20.4,-91.0
2021-06-11T08:50:17.000Z,35.388851477,139.425721511,56.805,0.0,-65.0,-65.0,-2.5,-106.0,9.0,-8.0,20.4,-91.0
2021-06-11T08:50:20.000Z,35.388851477,139.425721511,56.805,0.0,-65.0,-65.0,-2.5,-106.0,9.0,-8.0,19.0,-91.0
2021-06-11T08:50:22.000Z,35.388851477,139.425721511,56.805,0.0,-65.0,-65.0,-2.5,-106.0,9.0,-8.0,19.0,-91.0
2021-06-11T08:50:22.000Z,35.388851477,139.425721511,56.805,0.0,-65.0,-65.0,-2.5,-106.0,9.0,-8.0,19.0,-91.0
2021-06-11T08:50:26.000Z,35.388848082,139.425713151,57.335,0.0,-65.0,-65.0,-2.5,-106.0,9.0,-8.0,17.6,-91.0
2021-06-11T08:50:26.000Z,35.388848082,139.425713151,57.335,0.0,-65.0,-65.0,-2.5,-106.0,9.0,-8.0,17.6,-91.0
2021-06-11T08:50:29.000Z,35.388848082,139.425713151,57.335,0.0,-65.0,-65.0,-2.5,-106.0,9.0,-8.0,18.6,-91.0
2021-06-11T08:50:31.000Z,35.388848082,139.425713151,57.335,0.0,-65.0,-65.0,-2.5,-106.0,9.0,-8.0,18.6,-91.0
2021-06-11T08:50:31.000Z,35.388848082,139.425713151,57.335,0.0,-65.0,-65.0,-2.5,-106.0,9.0,-8.0,19.4,-91.0
2021-06-11T08:50:35.000Z,35.388848082,139.425713151,57.335,0.0,-65.0,-65.0,-2.5,-106.0,9.0,-8.0,19.4,-91.0
2021-06-11T08:50:35.000Z,35.388848082,139.425713151,57.335,0.0,-65.0,-65.0,-2.5,-106.0,9.0,-8.0,19.4,-91.0
2021-06-11T08:50:35.000Z,35.388848082,139.425713151,57.335,0.0,-65.0,-65.0,-2.5,-106.0,9.0,-8.0,17.0,-91.0
2021-06-11T08:50:40.000Z,35.388852047,139.425705992,56.716,0.0,-65.0,-65.0,-2.5,-106.0,9.0,-8.0,17.0,-91.0
2021-06-11T08:50:40.000Z,35.388852047,139.425705992,56.716,0.0,-65.0,-65.0,-2.5,-106.0,9.0,-8.0,19.8,-91.0
2021-06-11T08:50:44.000Z,35.388852047,139.425705992,56.716,0.0,-65.0,-65.0,-2.5,-106.0,9.0,-8.0,19.8,-91.0
2021-06-11T08:50:45.000Z,35.388852047,139.425705992,56.716,0.0,-65.0,-65.0,-2.5,-106.0,9.0,-8.0,17.8,-91.0
2021-06-11T08:50:45.000Z,35.388852047,139.425705992,56.716,0.0,-65.0,-65.0,-2.5,-106.0,9.0,-8.0,19.6,-91.0
2021-06-11T08:50:50.000Z,35.388852047,139.425705992,56.716,0.0,-65.0,-65.0,-2.5,-106.0,9.0,-8.0,19.6,-91.0
2021-06-11T08:50:50.000Z,35.388852047,139.425705992,56.716,0.0,-65.0,-65.0,-2.5,-106.0,9.0,-8.0,19.0,-91.0
2021-06-11T08:50:53.000Z,35.388855442,139.425714352,56.186,0.0,-65.0,-65.0,-2.5,-106.0,9.0,-8.0,19.0,-91.0
2021-06-11T08:50:55.000Z,35.388855442,139.425714352,56.186,0.0,-65.0,-65.0,-2.5,-106.0,9.0,-8.0,19.4,-91.0
2021-06-11T08:50:55.000Z,35.388855442,139.425714352,56.186,0.0,-65.0,-65.0,-2.5,-106.0,9.0,-8.0,19.4,-91.0
2021-06-11T08:50:59.000Z,35.388855442,139.425714352,56.186,0.0,-65.0,-65.0,-2.5,-106.0,9.0,-8.0,18.2,-91.0
2021-06-11T08:50:59.000Z,35.388855442,139.425714352,56.186,0.0,-65.0,-65.0,-2.5,-106.0,9.0,-8.0,19.2,-91.0
2021-06-11T08:51:02.000Z,35.388855442,139.425714352,56.186,0.0,-65.0,-65.0,-2.5,-106.0,9.0,-8.0,19.2,-91.0
2021-06-11T08:51:04.000Z,35.388855442,139.425714352,56.186,0.0,-65.0,-65.0,-2.5,-106.0,9.0,-8.0,19.6,-91.0
2021-06-11T08:51:04.000Z,35.388855442,139.425714352,56.186,0.0,-65.0,-65.0,-2.5,-106.0,9.0,-8.0,19.8,-91.0
2021-06-11T08:51:08.000Z,35.388855442,139.425714352,56.186,0.0,-65.0,-65.0,-2.5,-106.0,9.0,-8.0,19.8,-91.0
2021-06-11T08:51:08.000Z,35.388855442,139.425714352,56.186,0.0,-65.0,-65.0,-2.5,-106.0,9.0,-8.0,19.8,-91.0
2021-06-11T08:51:08.000Z,35.388855442,139.425714352,56.186,0.0,-65.0,-65.0,-2.5,-106.0,9.0,-8.0,19.0,-91.0
2021-06-11T08:51:13.000Z,35.388855442,139.425714352,56.186,0.0,-65.0,-65.0,-2.5,-106.0,9.0,-8.0,22.2,-91.0
2021-06-11T08:51:13.000Z,35.388855442,139.425714352,56.186,0.0,-65.0,-65.0,-2.5,-106.0,9.0,-8.0,19.6,-91.0
2021-06-11T08:51:17.000Z,35.388855442,139.425714352,56.186,0.0,-65.0,-65.0,-2.5,-106.0,9.0,-8.0,19.6,-91.0
2021-06-11T08:51:17.000Z,35.388855442,139.425714352,56.186,0.0,-65.0,-65.0,-2.5,-106.0,9.0,-8.0,20.0,-91.0
2021-06-11T08:51:17.000Z,35.388855442,139.425714352,56.186,0.0,-65.0,-65.0,-2.5,-106.0,9.0,-8.0,19.0,-91.0
2021-06-11T08:51:22.000Z,35.388855442,139.425714352,56.186,0.0,-65.0,-65.0,-2.5,-106.0,9.0,-8.0,19.0,-91.0
2021-06-11T08:51:22.000Z,35.388855442,139.425714352,56.186,0.0,-65.0,-65.0,-2.5,-106.0,9.0,-8.0,17.6,-91.0
2021-06-11T08:51:26.000Z,35.388855442,139.425714352,56.186,0.0,-65.0,-65.0,-2.5,-106.0,9.0,-8.0,17.6,-91.0
2021-06-11T08:51:28.000Z,35.388855442,139.425714352,56.186,0.0,-65.0,-65.0,-2.5,-106.0,9.0,-8.0,19.4,-91.0
2021-06-11T08:51:28.000Z,35.388855442,139.425714352,56.186,0.0,-65.0,-65.0,-2.5,-106.0,9.0,-8.0,19.4,-91.0
2021-06-11T08:51:32.000Z,35.388855442,139.425714352,56.186,0.0,-65.0,-65.0,-2.5,-106.0,9.0,-8.0,19.8,-91.0
2021-06-11T08:51:32.000Z,35.388855442,139.425714352,56.186,0.0,-65.0,-65.0,-2.5,-106.0,9.0,-8.0,17.6,-91.0
2021-06-11T08:51:35.000Z,35.388855442,139.425714352,56.186,0.0,-65.0,-65.0,-2.5,-106.0,9.0,-8.0,17.6,-91.0
2021-06-11T08:51:37.000Z,35.388855442,139.425714352,56.186,0.0,-65.0,-65.0,-2.5,-106.0,9.0,-8.0,17.6,-91.0
2021-06-11T08:51:37.000Z,35.388855442,139.425714352,56.186,0.0,-65.0,-65.0,-2.5,-106.0,9.0,-8.0,21.0,-91.0
2021-06-11T08:51:41.000Z,35.388855442,139.425714352,56.186,0.0,-65.0,-65.0,-2.5,-106.0,9.0,-8.0,21.0,-91.0
2021-06-11T08:51:41.000Z,35.388855442,139.425714352,56.186,0.0,-65.0,-65.0,-2.5,-106.0,9.0,-8.0,21.0,-91.0
2021-06-11T08:51:44.000Z,35.388855442,139.425714352,56.186,0.0,-65.0,-65.0,-2.5,-106.0,9.0,-8.0,16.6,-91.0
2021-06-11T08:51:46.000Z,35.388855442,139.425714352,56.186,0.0,-65.0,-65.0,-2.5,-106.0,9.0,-8.0,16.6,-91.0
2021-06-11T08:51:46.000Z,35.388855442,139.425714352,56.186,0.0,-65.0,-65.0,-2.5,-106.0,9.0,-8.0,15.6,-91.0
2021-06-11T08:51:50.000Z,35.388855442,139.425714352,56.186,0.353,-65.0,-65.0,-2.5,-106.0,9.0,-8.0,12.8,-91.0
2021-06-11T08:51:50.000Z,35.388855442,139.425714352,56.186,0.353,-65.0,-65.0,-2.5,-106.0,9.0,-8.0,12.8,-91.0
2021-06-11T08:51:50.000Z,35.388855442,139.425714352,56.186,0.353,-65.0,-65.0,-2.5,-106.0,9.0,-8.0,14.0,-91.0
2021-06-11T08:51:55.000Z,35.388857698,139.42575375,55.833,0.543,-65.0,-65.0,-2.5,-106.0,9.0,-8.0,14.0,-91.0
2021-06-11T08:51:55.000Z,35.388857698,139.42575375,55.833,0.543,-65.0,-65.0,-2.5,-106.0,9.0,-8.0,10.4,-91.0
2021-06-11T08:51:59.000Z,35.388856558,139.425784789,56.011,0.8,-65.0,-65.0,-2.5,-106.0,9.0,-8.0,7.8,-91.0
2021-06-11T08:52:01.000Z,35.388855989,139.425800308,56.1,0.91,-65.0,-65.0,-2.5,-106.0,9.0,-8.0,7.8,-91.0
2021-06-11T08:52:01.000Z,35.388855989,139.425800308,56.1,0.91,-65.0,-65.0,-2.5,-106.0,9.0,-8.0,4.4,-91.0
2021-06-11T08:52:05.010Z,35.388865592,139.425839706,n/a,0.875,-65.0,-65.0,-2.5,-106.0,9.0,-8.0,4.4,-91.0
2021-06-11T08:52:05.010Z,35.388865592,139.425839706,n/a,0.875,-65.0,-65.0,-2.5,-106.0,9.0,-8.0,4.0,-91.0
2021-06-11T08:52:08.000Z,35.388875766,139.425863585,n/a,0.875,-65.0,-65.0,-2.5,-106.0,9.0,-13.0,2.2,-91.0
2021-06-11T08:52:10.000Z,n/a,n/a,n/a,n/a,-65.0,-65.0,-2.5,-106.0,9.0,-13.0,2.2,-91.0
2021-06-11T08:52:10.000Z,n/a,n/a,n/a,n/a,-59.0,-59.0,-2.5,-106.0,9.0,-13.0,1.4,-91.0
2021-06-11T08:52:14.010Z,n/a,n/a,n/a,n/a,-59.0,-59.0,-2.5,-106.0,9.0,-13.0,1.4,-91.0
2021-06-11T08:52:14.010Z,n/a,n/a,n/a,n/a,-59.0,-59.0,-2.5,-106.0,9.0,-13.0,3.4,-91.0
2021-06-11T08:52:14.010Z,n/a,n/a,n/a,n/a,-59.0,-59.0,-2.5,-106.0,9.0,-13.0,0.0,-91.0
2021-06-11T08:52:19.010Z,n/a,n/a,n/a,n/a,-59.0,-59.0,-2.5,-106.0,9.0,-13.0,0.0,-91.0
2021-06-11T08:52:19.010Z,n/a,n/a,n/a,n/a,-59.0,-59.0,-2.5,-106.0,9.0,-13.0,-0.4,-91.0
2021-06-11T08:52:23.010Z,n/a,n/a,n/a,n/a,-59.0,-59.0,-2.5,-106.0,9.0,-13.0,-0.4,-91.0
2021-06-11T08:52:24.010Z,n/a,n/a,n/a,n/a,-59.0,-59.0,-2.5,-106.0,9.0,-13.0,0.8,-91.0
2021-06-11T08:52:24.010Z,n/a,n/a,n/a,n/a,-59.0,-59.0,-2.5,-106.0,9.0,-13.0,-0.2,-91.0
2021-06-11T08:52:29.010Z,n/a,n/a,n/a,n/a,-59.0,-59.0,-2.5,-106.0,9.0,-13.0,-0.2,-91.0
2021-06-11T08:52:29.010Z,n/a,n/a,n/a,n/a,-59.0,-59.0,-2.5,-106.0,9.0,-13.0,1.4,-91.0
2021-06-11T08:52:32.000Z,n/a,n/a,n/a,n/a,-53.0,-53.0,-2.5,-106.0,9.0,-13.0,0.0,-91.0
2021-06-11T08:52:34.000Z,n/a,n/a,n/a,n/a,-53.0,-53.0,-2.5,-106.0,9.0,-13.0,0.0,-91.0
2021-06-11T08:52:34.000Z,n/a,n/a,n/a,n/a,-53.0,-53.0,-2.5,-106.0,9.0,-13.0,-4.6,-91.0
2021-06-11T08:52:38.000Z,n/a,n/a,n/a,n/a,-53.0,-53.0,-2.5,-106.0,9.0,-13.0,-4.6,-91.0
2021-06-11T08:52:38.000Z,n/a,n/a,n/a,n/a,-41.0,-41.0,-2.5,-106.0,9.0,-13.0,4.4,-74.0
2021-06-11T08:52:41.000Z,n/a,n/a,n/a,n/a,-41.0,-41.0,-2.5,-106.0,9.0,-13.0,5.4,-74.0
2021-06-11T08:52:43.000Z,n/a,n/a,n/a,n/a,-41.0,-41.0,-2.5,-106.0,9.0,-13.0,5.4,-74.0
2021-06-11T08:52:43.000Z,n/a,n/a,n/a,n/a,-41.0,-41.0,-2.5,-106.0,9.0,-13.0,5.0,-74.0
2021-06-11T08:52:47.000Z,n/a,n/a,n/a,n/a,-41.0,-41.0,-2.5,-106.0,9.0,-13.0,5.0,-74.0
2021-06-11T08:52:47.000Z,n/a,n/a,n/a,n/a,-41.0,-41.0,-2.5,-106.0,9.0,-13.0,5.0,-74.0
2021-06-11T08:52:50.000Z,n/a,n/a,n/a,n/a,-41.0,-41.0,-2.5,-106.0,9.0,-13.0,4.0,-74.0
2021-06-11T08:52:52.000Z,n/a,n/a,n/a,n/a,-41.0,-41.0,-2.5,-106.0,9.0,-13.0,4.0,-74.0
2021-06-11T08:52:52.000Z,n/a,n/a,n/a,n/a,-41.0,-41.0,-2.5,-106.0,9.0,-13.0,4.2,-74.0
2021-06-11T08:52:56.010Z,n/a,n/a,n/a,n/a,-41.0,-41.0,-2.5,-106.0,9.0,-13.0,4.2,-74.0
2021-06-11T08:52:56.010Z,n/a,n/a,n/a,n/a,-41.0,-41.0,-2.5,-106.0,9.0,-13.0,9.0,-67.0
2021-06-11T08:52:56.010Z,n/a,n/a,n/a,n/a,-50.0,-50.0,-2.5,-106.0,9.0,-13.0,0.8,-82.0
2021-06-11T08:53:02.000Z,n/a,n/a,n/a,n/a,-50.0,-50.0,-2.5,-106.0,9.0,-13.0,0.8,-82.0
2021-06-11T08:53:02.000Z,n/a,n/a,n/a,n/a,-50.0,-50.0,-2.5,-106.0,9.0,-13.0,0.0,-82.0
2021-06-11T08:53:05.010Z,n/a,n/a,n/a,n/a,-50.0,-50.0,-2.5,-106.0,9.0,-13.0,0.0,-82.0
2021-06-11T08:53:07.010Z,n/a,n/a,n/a,n/a,-50.0,-50.0,-2.5,-106.0,9.0,-13.0,2.0,-82.0
2021-06-11T08:53:07.010Z,n/a,n/a,n/a,n/a,-50.0,-50.0,-2.5,-106.0,9.0,-13.0,3.8,-82.0
2021-06-11T08:53:11.000Z,n/a,n/a,n/a,n/a,-50.0,-50.0,-2.5,-106.0,9.0,-13.0,2.6,-82.0
2021-06-11T08:53:11.000Z,n/a,n/a,n/a,n/a,-50.0,-50.0,-2.5,-106.0,9.0,-13.0,2.6,-82.0
2021-06-11T08:53:14.000Z,35.389051024,139.426107183,56.72,2.54,-50.0,-50.0,-2.5,-106.0,9.0,-13.0,1.4,-82.0
2021-06-11T08:53:16.000Z,35.389026736,139.425965108,57.06,2.723,-50.0,-50.0,-2.5,-106.0,9.0,-13.0,1.4,-82.0
2021-06-11T08:53:16.000Z,35.389026736,139.425965108,57.06,2.723,-50.0,-50.0,-2.5,-106.0,9.0,-13.0,-2.4,-82.0
2021-06-11T08:53:20.000Z,35.388983229,139.425743036,58.675,2.352,-50.0,-50.0,-2.5,-106.0,9.0,-13.0,-1.0,-82.0
2021-06-11T08:53:20.000Z,35.388983229,139.425743036,58.675,2.352,-50.0,-50.0,-2.5,-106.0,9.0,-13.0,-1.0,-82.0
2021-06-11T08:53:23.000Z,35.389007004,139.425595004,60.142,2.626,-50.0,-50.0,-2.5,-106.0,9.0,-13.0,1.0,-82.0
2021-06-11T08:53:25.000Z,35.389025117,139.425501889,60.767,2.866,-50.0,-50.0,-2.5,-106.0,9.0,-13.0,1.0,-82.0
2021-06-11T08:53:25.000Z,35.389025117,139.425501889,60.767,2.866,-50.0,-50.0,-2.5,-106.0,9.0,-13.0,1.2,-82.0
2021-06-11T08:53:29.000Z,35.389093003,139.425356259,62.252,2.194,-50.0,-50.0,-2.5,-106.0,9.0,-13.0,1.8,-82.0
2021-06-11T08:53:30.000Z,35.38910149,139.42532522,62.653,2.029,-50.0,-50.0,-2.5,-106.0,9.0,-13.0,1.8,-82.0
2021-06-11T08:53:30.000Z,35.38910149,139.42532522,62.653,2.029,-50.0,-50.0,-2.5,-106.0,9.0,-13.0,3.0,-82.0
2021-06-11T08:53:35.000Z,35.389166539,139.425258387,n/a,1.401,-50.0,-50.0,-2.5,-106.0,9.0,-13.0,3.0,-82.0
2021-06-11T08:53:35.000Z,35.389166539,139.425258387,n/a,1.401,-50.0,-50.0,-2.5,-106.0,9.0,-13.0,-1.8,-82.0
2021-06-11T08:53:38.000Z,35.389193698,139.42522139,n/a,1.42,-50.0,-50.0,-2.5,-106.0,9.0,-13.0,2.2,-82.0
2021-06-11T08:53:40.000Z,35.38921294,139.425199913,n/a,1.281,-50.0,-50.0,-2.5,-106.0,9.0,-13.0,2.2,-82.0
2021-06-11T08:53:40.000Z,35.38921294,139.425199913,n/a,1.281,-50.0,-50.0,-2.5,-106.0,9.0,-13.0,3.2,-82.0
2021-06-11T08:53:44.010Z,35.389247447,139.425162917,n/a,1.152,-50.0,-50.0,-2.5,-106.0,9.0,-13.0,3.2,-82.0
2021-06-11T08:53:44.010Z,35.389247447,139.425162917,n/a,1.152,-50.0,-50.0,-2.5,-106.0,9.0,-13.0,0.8,-82.0
2021-06-11T08:53:47.000Z,35.389266689,139.425141439,59.299,0.934,-50.0,-50.0,-2.5,-106.0,9.0,-13.0,-2.6,-82.0
2021-06-11T08:53:49.000Z,35.389281397,139.42514264,58.729,0.612,-50.0,-50.0,-2.5,-106.0,9.0,-13.0,-2.6,-82.0
2021-06-11T08:53:49.000Z,35.389281397,139.42514264,58.729,0.612,-50.0,-50.0,-2.5,-106.0,9.0,-13.0,-3.0,-82.0
2021-06-11T08:53:53.000Z,35.38929157,139.42516652,58.867,0.611,-50.0,-50.0,-2.5,-106.0,9.0,-13.0,-3.0,-82.0
2021-06-11T08:53:53.000Z,35.38929157,139.42516652,58.867,0.611,-50.0,-50.0,-2.5,-106.0,9.0,-13.0,-2.4,-82.0
2021-06-11T08:53:53.000Z,35.38929157,139.42516652,58.867,0.611,-50.0,-50.0,-2.5,-106.0,9.0,-13.0,-3.8,-87.0
2021-06-11T08:53:58.000Z,35.389279119,139.425204717,59.085,0.367,-50.0,-50.0,-2.5,-106.0,9.0,-13.0,-3.8,-87.0
2021-06-11T08:53:58.000Z,35.389279119,139.425204717,59.085,0.367,-50.0,-50.0,-2.5,-106.0,9.0,-13.0,-3.4,-87.0
2021-06-11T08:54:02.000Z,35.389289292,139.425228596,59.222,0.103,-50.0,-50.0,-2.5,-106.0,9.0,-13.0,-5.0,-87.0
2021-06-11T08:54:04.000Z,35.38929607,139.425244116,59.891,0.465,-50.0,-50.0,-2.5,-106.0,9.0,-13.0,-5.0,-87.0
2021-06-11T08:54:04.000Z,35.38929607,139.425244116,59.891,0.465,-50.0,-50.0,-2.5,-106.0,9.0,-13.0,-3.4,-87.0
2021-06-11T08:54:08.000Z,35.389331682,139.425276355,61.235,0.71,-50.0,-50.0,-2.5,-106.0,9.0,-13.0,-3.4,-87.0
2021-06-11T08:54:08.000Z,35.389331682,139.425276355,61.235,0.71,-50.0,-50.0,-2.5,-106.0,9.0,-13.0,-4.6,-87.0
2021-06-11T08:54:11.000Z,35.389367864,139.425293075,62.491,1.307,-50.0,-50.0,-2.5,-106.0,9.0,-13.0,-4.4,-87.0
2021-06-11T08:54:13.000Z,35.389397267,139.425294276,63.079,1.34,-50.0,-50.0,-2.5,-106.0,9.0,-13.0,-4.4,-87.0
2021-06-11T08:54:13.000Z,35.389397267,139.425294276,63.079,1.34,-50.0,-50.0,-2.5,-106.0,9.0,-13.0,-2.6,-87.0
2021-06-11T08:54:17.000Z,35.389433461,139.425312198,62.607,1.104,-50.0,-50.0,-2.5,-106.0,9.0,-13.0,-2.6,-87.0
2021-06-11T08:54:17.000Z,35.389433461,139.425312198,62.607,1.104,-50.0,-50.0,-2.5,-106.0,9.0,-13.0,-5.4,-87.0
2021-06-11T08:54:20.000Z,35.389466259,139.425321759,62.664,0.735,-44.0,-44.0,-2.5,-106.0,9.0,-13.0,4.4,-72.0
2021-06-11T08:54:22.000Z,35.389469654,139.425330119,62.134,0.353,-44.0,-44.0,-2.5,-106.0,9.0,-13.0,4.4,-72.0
2021-06-11T08:54:22.000Z,35.389469654,139.425330119,62.134,0.353,-44.0,-44.0,-2.5,-106.0,9.0,-13.0,4.0,-72.0
2021-06-11T08:54:26.000Z,35.389465702,139.425338479,61.025,0.177,-44.0,-44.0,-2.5,-106.0,9.0,-13.0,4.0,-72.0
2021-06-11T08:54:26.000Z,35.389465702,139.425338479,61.025,0.177,-44.0,-44.0,-2.5,-106.0,9.0,-13.0,4.4,-72.0
2021-06-11T08:54:26.000Z,35.389465702,139.425338479,61.025,0.177,-44.0,-44.0,-2.5,-106.0,9.0,-13.0,4.4,-72.0
2021-06-11T08:54:32.000Z,35.389474188,139.42530744,61.426,1.125,-44.0,-44.0,-2.5,-106.0,9.0,-13.0,4.4,-72.0
2021-06-11T08:54:32.000Z,35.389474188,139.42530744,61.426,1.125,-44.0,-44.0,-2.5,-106.0,9.0,-13.0,-1.2,-72.0
2021-06-11T08:54:35.000Z,35.389493988,139.425269243,61.787,1.281,-44.0,-44.0,-2.5,-106.0,9.0,-13.0,2.2,-72.0
2021-06-11T08:54:37.000Z,35.38950587,139.425246565,61.658,1.431,-44.0,-44.0,-2.5,-106.0,9.0,-13.0,2.2,-72.0
2021-06-11T08:54:37.000Z,35.38950587,139.425246565,61.658,1.431,-44.0,-44.0,-2.5,-106.0,9.0,-13.0,4.6,-72.0
2021-06-11T08:54:41.000Z,35.389493441,139.425183287,61.873,1.256,-44.0,-44.0,-2.5,-106.0,9.0,-13.0,4.6,-72.0
2021-06-11T08:54:41.000Z,35.389493441,139.425183287,61.873,1.256,-44.0,-44.0,-2.5,-106.0,9.0,-13.0,-1.4,-72.0
2021-06-11T08:54:44.000Z,35.389487802,139.425136729,61.027,1.073,-44.0,-44.0,-2.5,-106.0,9.0,-13.0,1.6,-72.0
2021-06-11T08:54:46.000Z,35.389484976,139.42511285,61.468,0.982,-44.0,-44.0,-2.5,-106.0,9.0,-13.0,1.6,-72.0
2021-06-11T08:54:46.000Z,35.389484976,139.42511285,61.468,0.982,-44.0,-44.0,-2.5,-106.0,9.0,-13.0,2.4,-72.0
2021-06-11T08:54:50.000Z,35.389460095,139.425087769,61.901,1.082,-44.0,-44.0,-2.5,-106.0,9.0,-13.0,2.4,-72.0
2021-06-11T08:54:50.000Z,35.389460095,139.425087769,61.901,1.082,-44.0,-44.0,-2.5,-106.0,9.0,-13.0,5.2,-72.0
2021-06-11T08:54:50.000Z,35.389460095,139.425087769,61.901,1.082,-38.0,-38.0,-2.5,-106.0,9.0,-13.0,8.6,-72.0
2021-06-11T08:54:55.000Z,35.38938715,139.425068647,61.206,1.447,-38.0,-38.0,-2.5,-106.0,9.0,-13.0,8.6,-72.0
2021-06-11T08:54:55.000Z,35.38938715,139.425068647,61.206,1.447,-38.0,-38.0,-2.5,-106.0,9.0,-13.0,7.4,-72.0
2021-06-11T08:54:59.000Z,35.389272908,139.425069802,61.782,2.808,-38.0,-38.0,-2.5,-106.0,9.0,-13.0,8.8,-72.0
2021-06-11T08:55:01.000Z,35.389195429,139.425073358,61.795,3.125,-38.0,-38.0,-2.5,-106.0,9.0,-13.0,8.8,-72.0
2021-06-11T08:55:01.000Z,35.389195429,139.425073358,61.795,3.125,-47.0,-47.0,-2.5,-106.0,9.0,-13.0,-1.6,-79.0
2021-06-11T08:55:05.000Z,35.389058562,139.42508883,62.451,2.778,-47.0,-47.0,-2.5,-106.0,9.0,-13.0,-1.6,-79.0
2021-06-11T08:55:05.000Z,35.389058562,139.42508883,62.451,2.778,-47.0,-47.0,-2.5,-106.0,9.0,-13.0,8.8,-70.0
2021-06-11T08:55:08.000Z,35.388958458,139.425106705,62.545,2.616,-47.0,-47.0,-2.5,-106.0,9.0,-13.0,6.2,-70.0
2021-06-11T08:55:10.000Z,35.388895675,139.425110261,63.717,2.706,-47.0,-47.0,-2.5,-106.0,9.0,-13.0,6.2,-70.0
2021-06-11T08:55:10.000Z,35.388895675,139.425110261,63.717,2.706,-47.0,-47.0,-2.5,-106.0,9.0,-13.0,4.6,-70.0
2021-06-11T08:55:14.000Z,35.38875203,139.425110214,63.704,3.062,-47.0,-47.0,-2.5,-106.0,9.0,-8.0,6.6,-70.0
2021-06-11T08:55:14.000Z,35.38875203,139.425110214,63.704,3.062,-47.0,-47.0,-2.5,-106.0,9.0,-8.0,6.6,-70.0
2021-06-11T08:55:14.000Z,35.38875203,139.425110214,63.704,3.062,-47.0,-47.0,-2.5,-106.0,9.0,-8.0,2.6,-70.0
2021-06-11T08:55:19.000Z,35.388554648,139.425169841,63.451,3.752,-47.0,-47.0,-2.5,-106.0,9.0,-8.0,2.6,-70.0
2021-06-11T08:55:19.000Z,35.388554648,139.425169841,63.451,3.752,-47.0,-47.0,-2.5,-106.0,9.0,-8.0,3.0,-75.0
2021-06-11T08:55:23.000Z,35.388386669,139.42523067,63.785,3.762,-47.0,-47.0,-2.5,-106.0,9.0,-8.0,1.4,-75.0
2021-06-11T08:55:24.000Z,35.388341988,139.425243787,63.857,3.748,-47.0,-47.0,-2.5,-106.0,9.0,-8.0,1.4,-75.0
2021-06-11T08:55:24.000Z,35.388341988,139.425243787,63.857,3.748,-47.0,-47.0,-2.5,-106.0,9.0,-13.0,2.6,-75.0
2021-06-11T08:55:29.000Z,35.388176265,139.425344012,63.839,3.097,-47.0,-47.0,-2.5,-106.0,9.0,-13.0,2.6,-75.0
2021-06-11T08:55:29.000Z,35.388176265,139.425344012,63.839,3.097,-47.0,-47.0,-2.5,-106.0,9.0,-13.0,2.2,-75.0
2021-06-11T08:55:32.000Z,35.38810839,139.425386966,64.08,2.388,-47.0,-47.0,-2.5,-106.0,9.0,-13.0,1.0,-75.0
2021-06-11T08:55:34.000Z,35.388078417,139.425401284,63.581,1.685,-47.0,-47.0,-2.5,-106.0,9.0,-13.0,1.0,-75.0
2021-06-11T08:55:34.000Z,35.388078417,139.425401284,63.581,1.685,-47.0,-47.0,-2.5,-106.0,9.0,-13.0,-2.8,-80.0
2021-06-11T08:55:38.000Z,35.38806314,139.425415602,64.24,0.707,-47.0,-47.0,-2.5,-106.0,9.0,-13.0,-2.8,-80.0
2021-06-11T08:55:38.000Z,35.38806314,139.425415602,64.24,0.707,-47.0,-47.0,-2.5,-106.0,9.0,-13.0,4.2,-72.0
2021-06-11T08:55:38.000Z,35.38806314,139.425415602,64.24,0.707,-47.0,-47.0,-2.5,-106.0,9.0,-13.0,1.0,-77.0
2021-06-11T08:55:43.000Z,n/a,n/a,n/a,n/a,-47.0,-47.0,-2.5,-106.0,9.0,-13.0,1.0,-77.0
2021-06-11T08:55:43.000Z,n/a,n/a,n/a,n/a,-47.0,-47.0,-2.5,-106.0,9.0,-13.0,-1.0,-77.0
2021-06-11T08:55:47.000Z,35.388034876,139.425383363,63.474,0.771,-47.0,-47.0,-2.5,-106.0,9.0,-13.0,-1.0,-77.0
2021-06-11T08:55:48.000Z,35.388031481,139.425375003,64.005,0.637,-47.0,-47.0,-2.5,-106.0,9.0,-13.0,-1.8,-77.0
2021-06-11T08:55:48.000Z,35.388031481,139.425375003,64.005,0.637,-47.0,-47.0,-2.5,-106.0,9.0,-13.0,4.6,-77.0
2021-06-11T08:55:53.000Z,35.38808973,139.425394125,63.541,1.256,-47.0,-47.0,-2.5,-106.0,9.0,-13.0,4.6,-77.0
2021-06-11T08:55:53.000Z,35.38808973,139.425394125,63.541,1.256,-47.0,-47.0,-2.5,-106.0,9.0,-13.0,-1.6,-77.0
2021-06-11T08:55:56.000Z,35.388146839,139.425444285,63.255,1.329,-47.0,-47.0,-2.5,-106.0,9.0,-13.0,-1.6,-77.0
2021-06-11T08:55:58.000Z,35.388179068,139.425469365,63.401,1.083,-47.0,-47.0,-2.5,-106.0,9.0,-13.0,-0.6,-77.0
2021-06-11T08:55:58.000Z,35.388179068,139.425469365,63.401,1.083,-47.0,-47.0,-2.5,-106.0,9.0,-13.0,1.8,-77.0
2021-06-11T08:56:02.000Z,35.388243526,139.425519525,63.694,0.467,-47.0,-47.0,-2.5,-106.0,9.0,-13.0,1.8,-77.0
2021-06-11T08:56:02.000Z,35.388243526,139.425519525,63.694,0.467,-47.0,-47.0,-2.5,-106.0,9.0,-13.0,-1.6,-77.0
2021-06-11T08:56:05.000Z,35.388287637,139.425521927,63.712,0.353,-47.0,-47.0,-2.5,-106.0,9.0,-13.0,-2.4,-77.0
2021-06-11T08:56:07.000Z,35.388331748,139.425524329,63.729,0.739,-47.0,-47.0,-2.5,-106.0,9.0,-13.0,-2.4,-77.0
2021-06-11T08:56:07.000Z,35.388331748,139.425524329,63.729,0.739,-47.0,-47.0,-2.5,-106.0,9.0,-13.0,2.4,-77.0
2021-06-11T08:56:11.000Z,35.388410343,139.42559121,63.541,1.375,-47.0,-47.0,-2.5,-106.0,9.0,-13.0,2.4,-77.0
2021-06-11T08:56:11.000Z,35.388410343,139.42559121,63.541,1.375,-47.0,-47.0,-2.5,-106.0,9.0,-13.0,-1.0,-77.0
2021-06-11T08:56:11.000Z,35.388410343,139.42559121,63.541,1.375,-47.0,-47.0,-2.5,-106.0,9.0,-13.0,3.0,-77.0
2021-06-11T08:56:16.000Z,35.388486113,139.425634211,63.794,1.083,-47.0,-47.0,-2.5,-106.0,9.0,-13.0,3.0,-77.0
2021-06-11T08:56:16.000Z,35.388486113,139.425634211,63.794,1.083,-47.0,-47.0,-2.5,-106.0,9.0,-13.0,2.0,-77.0
2021-06-11T08:56:20.000Z,35.388521167,139.42568317,63.499,1.474,-47.0,-47.0,-2.5,-106.0,9.0,-13.0,2.0,-77.0
2021-06-11T08:56:22.000Z,35.388531341,139.42570705,63.637,1.139,-47.0,-47.0,-2.5,-106.0,9.0,-13.0,1.4,-77.0
2021-06-11T08:56:22.000Z,35.388531341,139.42570705,63.637,1.139,-47.0,-47.0,-2.5,-106.0,9.0,-13.0,-0.6,-77.0
2021-06-11T08:56:26.000Z,35.388542084,139.42571541,63.686,0.353,-47.0,-47.0,-2.5,-106.0,9.0,-8.0,6.8,-71.0
2021-06-11T08:56:26.000Z,35.388542084,139.42571541,63.686,0.353,-47.0,-47.0,-2.5,-106.0,9.0,-8.0,6.8,-71.0
2021-06-11T08:56:29.000Z,35.388556222,139.42573213,63.204,0.612,-47.0,-47.0,-2.5,-106.0,9.0,-8.0,-0.2,-76.0
2021-06-11T08:56:31.000Z,35.388555652,139.425747649,n/a,0.467,-47.0,-47.0,-2.5,-106.0,9.0,-8.0,-0.2,-76.0
2021-06-11T08:56:31.000Z,35.388555652,139.425747649,n/a,0.467,-47.0,-47.0,-2.5,-106.0,9.0,-8.0,0.2,-76.0
2021-06-11T08:56:35.000Z,35.388563,139.425747649,63.872,0.511,-47.0,-47.0,-2.5,-106.0,9.0,-8.0,0.2,-76.0
2021-06-11T08:56:35.000Z,35.388563,139.425747649,63.872,0.511,-47.0,-47.0,-2.5,-106.0,9.0,-14.0,-2.8,-76.0
2021-06-11T08:56:35.000Z,35.388563,139.425747649,63.872,0.511,-47.0,-47.0,-2.5,-106.0,9.0,-14.0,1.2,-76.0
2021-06-11T08:56:41.000Z,35.388522284,139.425753607,63.324,1.006,-47.0,-47.0,-2.5,-106.0,9.0,-14.0,1.2,-76.0
2021-06-11T08:56:41.000Z,35.388522284,139.425753607,63.324,1.006,-47.0,-47.0,-2.5,-106.0,9.0,-14.0,2.8,-76.0
2021-06-11T08:56:44.000Z,35.388530201,139.425738088,63.815,0.306,-47.0,-47.0,-2.5,-106.0,9.0,-14.0,2.8,-76.0
2021-06-11T08:56:46.000Z,35.388545479,139.42572377,63.155,0.706,-47.0,-47.0,-2.5,-106.0,9.0,-14.0,2.4,-76.0
2021-06-11T08:56:46.000Z,35.388545479,139.42572377,63.155,0.706,-47.0,-47.0,-2.5,-106.0,9.0,-14.0,0.8,-76.0
2021-06-11T08:56:50.000Z,35.388587334,139.425686774,63.525,0.707,-47.0,-47.0,-2.5,-106.0,9.0,-14.0,0.8,-76.0
2021-06-11T08:56:50.000Z,35.388587334,139.425686774,63.525,0.707,-47.0,-47.0,-2.5,-106.0,9.0,-14.0,1.4,-76.0
2021-06-11T08:56:53.000Z,35.388628619,139.425665297,63.984,0.769,-47.0,-47.0,-2.5,-106.0,9.0,-14.0,2.8,-76.0
2021-06-11T08:56:55.000Z,35.388643896,139.425650979,63.325,0.513,-47.0,-47.0,-2.5,-106.0,9.0,-14.0,2.8,-76.0
2021-06-11T08:56:55.000Z,35.388643896,139.425650979,63.325,0.513,-47.0,-47.0,-2.5,-106.0,9.0,-14.0,0.8,-76.0
2021-06-11T08:56:59.000Z,35.388673869,139.425636661,63.824,0.353,-47.0,-47.0,-2.5,-106.0,9.0,-14.0,0.8,-76.0
2021-06-11T08:56:59.000Z,35.388673869,139.425636661,63.824,0.353,-47.0,-47.0,-2.5,-106.0,9.0,-14.0,1.4,-76.0
2021-06-11T08:56:59.000Z,35.388673869,139.425636661,63.824,0.353,-47.0,-47.0,-2.5,-106.0,9.0,-14.0,-1.0,-76.0
2021-06-11T08:57:05.000Z,n/a,n/a,n/a,n/a,-47.0,-47.0,-2.5,-106.0,9.0,-14.0,-1.0,-76.0
2021-06-11T08:57:05.000Z,n/a,n/a,n/a,n/a,-47.0,-47.0,-2.5,-106.0,9.0,-14.0,2.2,-76.0
2021-06-11T08:57:08.010Z,n/a,n/a,n/a,n/a,-47.0,-47.0,-2.5,-106.0,9.0,-14.0,-0.4,-76.0
2021-06-11T08:57:10.010Z,n/a,n/a,n/a,n/a,-47.0,-47.0,-2.5,-106.0,9.0,-14.0,-0.4,-76.0
2021-06-11T08:57:10.010Z,n/a,n/a,n/a,n/a,-47.0,-47.0,-2.5,-106.0,9.0,-14.0,0.8,-76.0
2021-06-11T08:57:14.010Z,n/a,n/a,n/a,n/a,-47.0,-47.0,-2.5,-106.0,9.0,-14.0,0.8,-76.0
2021-06-11T08:57:14.010Z,n/a,n/a,n/a,n/a,-47.0,-47.0,-2.5,-106.0,9.0,-14.0,2.6,-76.0
2021-06-11T08:57:17.000Z,35.388633723,139.4256271,63.187,0.801,-47.0,-47.0,-2.5,-106.0,9.0,-9.0,7.2,-69.0
2021-06-11T08:57:19.000Z,35.388632584,139.425658138,63.365,1.345,-47.0,-47.0,-2.5,-106.0,9.0,-9.0,7.2,-69.0
2021-06-11T08:57:19.000Z,35.388632584,139.425658138,63.365,1.345,-47.0,-47.0,-2.5,-106.0,9.0,-9.0,3.8,-69.0
2021-06-11T08:57:23.000Z,35.388630305,139.425720214,63.721,1.21,-47.0,-47.0,-2.5,-106.0,9.0,-9.0,3.8,-69.0
2021-06-11T08:57:23.000Z,35.388630305,139.425720214,63.721,1.21,-40.0,-40.0,-2.5,-106.0,9.0,-9.0,9.6,-69.0
2021-06-11T08:57:23.000Z,35.388630305,139.425720214,63.721,1.21,-40.0,-40.0,-2.5,-106.0,9.0,-9.0,9.8,-69.0
2021-06-11T08:57:28.000Z,35.388624632,139.42577393,64.607,0.904,-40.0,-40.0,-2.5,-106.0,9.0,-9.0,9.8,-69.0
2021-06-11T08:57:28.000Z,35.388624632,139.42577393,64.607,0.904,-40.0,-40.0,-2.5,-106.0,9.0,-9.0,10.4,-69.0
2021-06-11T08:57:32.000Z,35.38863141,139.425789449,n/a,0.53,-40.0,-40.0,-2.5,-106.0,9.0,-9.0,10.4,-69.0
2021-06-11T08:57:34.000Z,35.388627445,139.425796608,n/a,0.809,-40.0,-40.0,-2.5,-106.0,9.0,-9.0,10.8,-69.0
2021-06-11T08:57:34.000Z,35.388627445,139.425796608,n/a,0.809,-40.0,-40.0,-2.5,-106.0,9.0,-9.0,11.2,-69.0
2021-06-11T08:57:38.000Z,35.388616703,139.425788248,65.845,0.267,-40.0,-40.0,-2.5,-106.0,9.0,-9.0,11.2,-69.0
2021-06-11T08:57:38.000Z,35.388616703,139.425788248,65.845,0.267,-47.0,-47.0,-2.5,-106.0,9.0,-9.0,1.0,-76.0
2021-06-11T08:57:41.000Z,35.38863141,139.425789449,n/a,0.2,-37.0,-37.0,-2.5,-106.0,9.0,-9.0,13.0,-63.0
2021-06-11T08:57:43.000Z,35.388635375,139.42578229,64.656,0.446,-37.0,-37.0,-2.5,-106.0,9.0,-9.0,13.0,-63.0
2021-06-11T08:57:43.000Z,35.388635375,139.42578229,64.656,0.446,-37.0,-37.0,-2.5,-106.0,9.0,-9.0,12.4,-63.0
2021-06-11T08:57:47.000Z,35.388635375,139.42578229,64.656,0.177,-37.0,-37.0,-2.5,-106.0,9.0,-9.0,12.4,-63.0
2021-06-11T08:57:47.000Z,35.388635375,139.42578229,64.656,0.177,-44.0,-44.0,-2.5,-106.0,9.0,-9.0,11.4,-69.0
2021-06-11T08:57:47.000Z,35.388635375,139.42578229,64.656,0.177,-44.0,-44.0,-2.5,-106.0,9.0,-9.0,12.0,-69.0
2021-06-11T08:57:52.000Z,35.388658,139.425767972,64.575,0.0,-44.0,-44.0,-2.5,-106.0,9.0,-9.0,12.0,-69.0
2021-06-11T08:57:52.000Z,35.388658,139.425767972,64.575,0.0,-44.0,-44.0,-2.5,-106.0,9.0,-9.0,15.2,-69.0
2021-06-11T08:57:56.000Z,35.388680625,139.425753655,64.495,0.771,-44.0,-44.0,-2.5,-106.0,9.0,-9.0,15.2,-69.0
2021-06-11T08:57:58.000Z,35.388691938,139.425746496,64.455,0.771,-44.0,-44.0,-2.5,-106.0,9.0,-9.0,10.8,-69.0
2021-06-11T08:57:58.000Z,35.388691938,139.425746496,64.455,0.771,-44.0,-44.0,-2.5,-106.0,9.0,-9.0,13.2,-69.0
2021-06-11T08:58:02.000Z,35.388725875,139.425725019,64.335,0.442,-44.0,-44.0,-2.5,-106.0,9.0,-9.0,13.2,-69.0
2021-06-11T08:58:02.000Z,35.388725875,139.425725019,64.335,0.442,-44.0,-44.0,-2.5,-106.0,9.0,-9.0,13.4,-69.0
2021-06-11T08:58:05.000Z,35.388726445,139.4257095,64.246,0.306,-44.0,-44.0,-2.5,-106.0,9.0,-9.0,12.0,-69.0
2021-06-11T08:58:07.000Z,35.388727014,139.425693981,64.157,0.353,-44.0,-44.0,-2.5,-106.0,9.0,-9.0,12.0,-69.0
2021-06-11T08:58:07.000Z,35.388727014,139.425693981,64.157,0.353,-44.0,-44.0,-2.5,-106.0,9.0,-9.0,12.0,-69.0
2021-06-11T08:58:11.000Z,35.388708924,139.42568562,n/a,0.539,-50.0,-50.0,-2.5,-106.0,9.0,-9.0,8.8,-79.0
2021-06-11T08:58:11.000Z,35.388708924,139.42568562,n/a,0.539,-50.0,-50.0,-2.5,-106.0,9.0,-9.0,8.8,-79.0
2021-06-11T08:58:11.000Z,35.388708924,139.42568562,n/a,0.539,-50.0,-50.0,-2.5,-106.0,9.0,-9.0,5.8,-79.0
2021-06-11T08:58:16.000Z,35.388682903,139.425691578,64.139,0.637,-50.0,-50.0,-2.5,-106.0,9.0,-9.0,5.8,-79.0
2021-06-11T08:58:16.000Z,35.388682903,139.425691578,64.139,0.637,-57.0,-57.0,-2.5,-106.0,9.0,-9.0,4.2,-84.0
2021-06-11T08:58:20.000Z,35.388675556,139.425691578,63.56,0.0,-57.0,-57.0,-2.5,-106.0,9.0,-9.0,7.0,-84.0
2021-06-11T08:58:22.000Z,35.388682903,139.425691578,64.139,0.0,-57.0,-57.0,-2.5,-106.0,9.0,-9.0,7.0,-84.0
2021-06-11T08:58:22.000Z,35.388682903,139.425691578,64.139,0.0,-57.0,-57.0,-2.5,-106.0,9.0,-9.0,5.6,-84.0
2021-06-11T08:58:26.000Z,35.388686299,139.425699938,63.609,0.208,-57.0,-57.0,-2.5,-106.0,9.0,-9.0,5.6,-84.0
2021-06-11T08:58:26.000Z,35.388686299,139.425699938,63.609,0.208,-57.0,-57.0,-2.5,-106.0,9.0,-9.0,7.0,-84.0
2021-06-11T08:58:29.000Z,35.388693646,139.425699938,64.188,0.306,-57.0,-57.0,-2.5,-106.0,9.0,-9.0,10.4,-79.0
2021-06-11T08:58:31.000Z,35.388700436,139.425716659,63.128,0.769,-57.0,-57.0,-2.5,-106.0,9.0,-9.0,10.4,-79.0
2021-06-11T08:58:31.000Z,35.388700436,139.425716659,63.128,0.769,-57.0,-57.0,-2.5,-106.0,9.0,-9.0,4.0,-86.0
2021-06-11T08:58:35.000Z,35.388720783,139.425764417,63.403,1.102,-57.0,-57.0,-2.5,-106.0,9.0,-9.0,4.0,-86.0
2021-06-11T08:58:35.000Z,35.388720783,139.425764417,63.403,1.102,-57.0,-57.0,-2.5,-106.0,9.0,-9.0,7.8,-86.0
2021-06-11T08:58:35.000Z,35.388720783,139.425764417,63.403,1.102,-57.0,-57.0,-2.5,-106.0,9.0,-9.0,6.6,-86.0
2021-06-11T08:58:40.000Z,35.388708331,139.425802614,63.621,1.237,-57.0,-57.0,-2.5,-106.0,9.0,-9.0,6.6,-86.0
2021-06-11T08:58:40.000Z,35.388708331,139.425802614,63.621,1.237,-57.0,-57.0,-2.5,-106.0,9.0,-9.0,5.0,-86.0
2021-06-11T08:58:44.000Z,35.388685706,139.425816932,n/a,0.612,-57.0,-57.0,-2.5,-106.0,9.0,-9.0,5.0,-86.0
2021-06-11T08:58:46.000Z,35.388685706,139.425816932,n/a,0.177,-57.0,-57.0,-2.5,-106.0,9.0,-9.0,6.4,-86.0
2021-06-11T08:58:46.000Z,35.388685706,139.425816932,n/a,0.177,-57.0,-57.0,-2.5,-106.0,9.0,-9.0,7.0,-86.0
2021-06-11T08:58:50.000Z,35.388700983,139.425802614,n/a,0.208,-57.0,-57.0,-2.5,-106.0,9.0,-9.0,7.0,-86.0
2021-06-11T08:58:50.000Z,35.388700983,139.425802614,n/a,0.208,-57.0,-57.0,-2.5,-106.0,9.0,-9.0,4.8,-86.0
2021-06-11T08:58:53.000Z,35.388708331,139.425802614,n/a,0.177,-57.0,-57.0,-2.5,-106.0,9.0,-9.0,7.8,-86.0
2021-06-11T08:58:55.000Z,35.388712296,139.425795455,63.002,0.208,-57.0,-57.0,-2.5,-106.0,9.0,-9.0,7.8,-86.0
2021-06-11T08:58:55.000Z,35.388712296,139.425795455,63.002,0.208,-57.0,-57.0,-2.5,-106.0,9.0,-9.0,8.8,-81.0
2021-06-11T08:58:59.000Z,35.388726992,139.425795455,64.16,0.467,-57.0,-57.0,-2.5,-106.0,9.0,-9.0,8.8,-81.0
2021-06-11T08:59:00.000Z,35.388730956,139.425788296,63.541,0.177,-57.0,-57.0,-2.5,-106.0,9.0,-9.0,7.6,-81.0
